--SCHEDULE TABLE DATA INPUT!!--
INSERT INTO SCHEDULE(SCODE, SNAME)
VALUES(1, '아침');
INSERT INTO SCHEDULE(SCODE, SNAME)
VALUES(2, '일품');
INSERT INTO SCHEDULE(SCODE, SNAME)
VALUES(3, '한식');
INSERT INTO SCHEDULE(SCODE, SNAME)
VALUES(4, '저녁');

--DIET TABLE DATA INPUT!--
INSERT INTO diet(dietno, scode, dietdate, maindish, sidedish)
VALUES(diet_no.NEXTVAL,1,'2017-06-05', '계란장조림','잡곡밥김치국<br/>숙주나물<br/>깍두기<br/>새우브로콜리죽');
INSERT INTO diet(dietno, scode, dietdate, maindish, sidedish)
VALUES(diet_no.NEXTVAL,2,'2017-06-05', '돈까스','유부장국<br/>꽃게칠리강정<br/>브로콜리참깨샐러드<br/>깍두기');
INSERT INTO diet(dietno, scode, dietdate, maindish, sidedish)
VALUES(diet_no.NEXTVAL,3,'2017-06-05', '소불고기','두부조림<br/>미역국<br/>명엽채볶음<br/>겉절이<br/>흑미밥<br/>김치');
INSERT INTO diet(dietno, scode, dietdate, maindish, sidedish)
VALUES(diet_no.NEXTVAL,4,'2017-06-05', '열무비빔밥','우렁강된장<br/>시래기된장국<br/>햄야채볶음<br/>그린샐러드<br/>김치');

INSERT INTO diet(dietno, scode, dietdate, maindish, sidedish)
VALUES(diet_no.NEXTVAL,1,'2017-06-06', '떡만두국','잡곡밥<br/>새우살호박볶음<br/>묵은지멸치지짐<br/>깍두기<br/>그린샐러드');
INSERT INTO diet(dietno, scode, dietdate, maindish, sidedish)
VALUES(diet_no.NEXTVAL,2,'2017-06-06', '캘리포니아롤','미니우동<br/>장어강정<br/>핫도그<br/>단무지');
INSERT INTO diet(dietno, scode, dietdate, maindish, sidedish)
VALUES(diet_no.NEXTVAL,3,'2017-06-06', '닭살데리야끼볶음','단호박팥찜<br/>된장찌개<br/>연근조림<br/>미나리초무침<br/>흑미밥');
INSERT INTO diet(dietno, scode, dietdate, maindish, sidedish)
VALUES(diet_no.NEXTVAL,4,'2017-06-06', '잔치국수','잡곡밥<br/>보쌈<br/>어묵볶음<br/>콩나물무침<br/>김치');

INSERT INTO diet(dietno, scode, dietdate, maindish, sidedish)
VALUES(diet_no.NEXTVAL,1,'2017-06-07', '닭개장','잡곡밥<br/>두부조림<br/>구이김<br/>깍두기<br/>시나몬빵');
INSERT INTO diet(dietno, scode, dietdate, maindish, sidedish)
VALUES(diet_no.NEXTVAL,2,'2017-06-07', '크림파스타', '미역장국<br/>두부떡갈비강정<br/>사과식빵피자<br/>쌀밥<br/>오이피클');
INSERT INTO diet(dietno, scode, dietdate, maindish, sidedish)
VALUES(diet_no.NEXTVAL,3,'2017-06-07', '제육볶음','두부떡갈비강정<br/>새우젓호박국<br/>미역초무침<br/>깻잎지무침<br/>흑미밥<br/>김치');
INSERT INTO diet(dietno, scode, dietdate, maindish, sidedish)
VALUES(diet_no.NEXTVAL,4,'2017-06-07', '닭감자조림','잡곡밥<br/>콩나물국<br/>잡채<br/>오이냉채<br/>김치');

INSERT INTO diet(dietno, scode, dietdate, maindish, sidedish)
VALUES(diet_no.NEXTVAL,1,'2017-06-08', '소불고기','잡곡밥<br/>북어해장국<br/>겉절이<br/>김치<br/>크로와상');
INSERT INTO diet(dietno, scode, dietdate, maindish, sidedish)
VALUES(diet_no.NEXTVAL,2,'2017-06-08', '함박스테이크','크림스프<br/>감자튀김<br/>사과<br/>감귤음료<br/>오이피클<br/>김치');
INSERT INTO diet(dietno, scode, dietdate, maindish, sidedish)
VALUES(diet_no.NEXTVAL,3,'2017-06-08', '고등어조림','동그랑땡<br/>배추국<br/>크랜베리멸치볶음<br/>청경채겉절이<br/>콩나물밥<br/>깍두기');
INSERT INTO diet(dietno, scode, dietdate, maindish, sidedish)
VALUES(diet_no.NEXTVAL,4,'2017-06-08', '설렁탕','잡곡밥<br/>제육볶음<br/>고구마튀김<br/>양배추쌈<br/>깍두기');

INSERT INTO diet(dietno, scode, dietdate, maindish, sidedish)
VALUES(diet_no.NEXTVAL,1,'2017-06-09', '단호박죽','잡곡밥<br/>계란찜<br/>깻잎무침<br/>김치<br/>우거지국');
INSERT INTO diet(dietno, scode, dietdate, maindish, sidedish)
VALUES(diet_no.NEXTVAL,2,'2017-06-09', '짜장밥','해물찜<br/>실곤약야채볶음<br/>단무지무침<br/>계란찜');
INSERT INTO diet(dietno, scode, dietdate, maindish, sidedish)
VALUES(diet_no.NEXTVAL,3,'2017-06-09', '감자탕','코다리무조림<br/>버섯볶음<br/>마늘쫑볶음<br/>부추겉절이<br/>흑미밥<br/>김치');
INSERT INTO diet(dietno, scode, dietdate, maindish, sidedish)
VALUES(diet_no.NEXTVAL,4,'2017-06-09', '냄비라면','김밥');

INSERT INTO diet(dietno, scode, dietdate, maindish, sidedish)
VALUES(diet_no.NEXTVAL,1,'2017-06-12', '두부조림','잡곡밥<br/>아욱국<br/>배추나물<br/>김치<br/>그린샐러드');
INSERT INTO diet(dietno, scode, dietdate, maindish, sidedish)
VALUES(diet_no.NEXTVAL,2,'2017-06-12', '카레','소고기미역국<br/>김말이<br/>치킨텐더또띠아<br/>깍두기<br/>김치');
INSERT INTO diet(dietno, scode, dietdate, maindish, sidedish)
VALUES(diet_no.NEXTVAL,3,'2017-06-12', '오징어볶음', '잡채<br/>소고기미역국<br/>숙주무침<br/>열무된장무침<br/>취나물밥');
INSERT INTO diet(dietno, scode, dietdate, maindish, sidedish)
VALUES(diet_no.NEXTVAL,4,'2017-06-12', '치즈불닭', '잡곡밥<br/>순두부찌개<br/>애호박볶음<br/>파래김구이<br/>김치');

INSERT INTO diet(dietno, scode, dietdate, maindish, sidedish)
VALUES(diet_no.NEXTVAL,1,'2017-06-13', '계란말이','잡곡밥<br/>시래기된장국<br/>겉절이<br/>김치<br/>크로와상');
INSERT INTO diet(dietno, scode, dietdate, maindish, sidedish)
VALUES(diet_no.NEXTVAL,2,'2017-06-13', '메밀소바','생선까스<br/>야채튀김<br/>볶음밥<br/>단무지<br/>김치');
INSERT INTO diet(dietno, scode, dietdate, maindish, sidedish)
VALUES(diet_no.NEXTVAL,3,'2017-06-13', '연포탕', '두부계란전<br/>어묵볶음<br/>꼬시래기<br/>오이나물<br/>흑미밥');
INSERT INTO diet(dietno, scode, dietdate, maindish, sidedish)
VALUES(diet_no.NEXTVAL,4,'2017-06-13', '갈비탕', '잡곡밥<br/>떡갈비<br/>우엉채조림<br/>마늘쫑무침<br/>깍두기');

INSERT INTO diet(dietno, scode, dietdate, maindish, sidedish)
VALUES(diet_no.NEXTVAL,1,'2017-06-14', '메추리알장조림','잡곡밥<br/>오징어찌개<br/>두부신김치무침<br/>깍두기<br/>단호박죽');
INSERT INTO diet(dietno, scode, dietdate, maindish, sidedish)
VALUES(diet_no.NEXTVAL,2,'2017-06-14', '짬뽕', '새우튀김<br/>순대강정<br/>가쓰오장국<br/>오복지무침<br/>포기김치');
INSERT INTO diet(dietno, scode, dietdate, maindish, sidedish)
VALUES(diet_no.NEXTVAL,3,'2017-06-14', '제육볶음', '김치부추전<br/>들깨시래기국<br/>상추쌈<br/>콩나물무침<br/>흑미밥');
INSERT INTO diet(dietno, scode, dietdate, maindish, sidedish)
VALUES(diet_no.NEXTVAL,4,'2017-06-14', '닭감자조림', '잡곡밥<br/>계란파국<br/>짜장소스<br/>얼갈이나물<br/>김치');

INSERT INTO diet(dietno, scode, dietdate, maindish, sidedish)
VALUES(diet_no.NEXTVAL,1,'2017-06-15', '삼치구이','잡곡밥<br/>소고기무국<br/>구이김<br/>포기김치<br/>찐고구마');
INSERT INTO diet(dietno, scode, dietdate, maindish, sidedish)
VALUES(diet_no.NEXTVAL,2,'2017-06-15', '돈코츠라멘','오꼬노미야끼<br/>비빔야채만두<br/>김치볶음밥<br/>장아찌<br/>열무김치');
INSERT INTO diet(dietno, scode, dietdate, maindish, sidedish)
VALUES(diet_no.NEXTVAL,3,'2017-06-15', '백숙', '꽈리고추감자조림<br/>중국식가지볶음<br/>명엽채볶음<br/>오이고추된장무침<br/>흑미밥');
INSERT INTO diet(dietno, scode, dietdate, maindish, sidedish)
VALUES(diet_no.NEXTVAL,4,'2017-06-15', '부대찌개', '잡곡밥<br/>새송이버섯볶음<br/>김치전<br/>겉절이<br/>김치');

INSERT INTO diet(dietno, scode, dietdate, maindish, sidedish)
VALUES(diet_no.NEXTVAL,1,'2017-06-16', '오징어볶음','잡곡밥<br/>김치찌개<br/>참나물무침<br/>깍두기<br/>콩나물김치국');
INSERT INTO diet(dietno, scode, dietdate, maindish, sidedish)
VALUES(diet_no.NEXTVAL,2,'2017-06-16', '치즈오븐스파게티','우동장국<br/>피자모닝빵<br/>연어샐러드<br/>추가밥<br/>오이피클<br/>깍두기');
INSERT INTO diet(dietno, scode, dietdate, maindish, sidedish)
VALUES(diet_no.NEXTVAL,3,'2017-06-16', '고등어구이', '순대떡강정<br/>조개살배추국<br/>도토리묵무침<br/>근대나물<br/>흑미밥');
INSERT INTO diet(dietno, scode, dietdate, maindish, sidedish)
VALUES(diet_no.NEXTVAL,4,'2017-06-16', '잔치국수', '김밥');


--MEMBER TABLE DATA INPUT!!--
INSERT INTO MEMBER(MNO, GRADE, PASSWORD, MNAME, PHONE, EMAIL, PREFER)
VALUES(172001, 'Y', '172001', '고유라', '010-0000-0000', '172001@KDN.COM', '갈비탕,갈치구이,계란말이,김치찌개,고등어구이,닭감자조림,돈까스,돈코츠라멘,돼지국밥,두부조림,메밀소바,메추리알장조림,백숙,보쌈,부대찌개,삼치구이,설렁탕,소불고기,순대국,연포탕,오징어볶음,잔치국수,제육볶음,짜장밥,짬뽕,초계국수,치즈불닭,치즈오븐스파게티,카레,해물탕');
INSERT INTO MEMBER(MNO, GRADE, PASSWORD, MNAME, PHONE, EMAIL, PREFER)
VALUES(172002, 'Y', '172002', '신연석', '010-0000-0000', '172002@KDN.COM', '갈비탕,갈치구이,계란말이,김치찌개,고등어구이,닭감자조림,돈까스,돈코츠라멘,돼지국밥,두부조림,메밀소바,메추리알장조림,백숙,보쌈,부대찌개,삼치구이,설렁탕,소불고기,순대국,연포탕,오징어볶음,잔치국수,제육볶음,짜장밥,짬뽕,초계국수,치즈불닭,치즈오븐스파게티,카레,해물탕');
INSERT INTO MEMBER(MNO, GRADE, PASSWORD, MNAME, PHONE, EMAIL, PREFER)
VALUES(172003, 'Y', '172003', '유정재', '010-0000-0000', '172003@KDN.COM', '갈비탕,갈치구이,계란말이,김치찌개,고등어구이,닭감자조림,돈까스,돈코츠라멘,돼지국밥,두부조림,메밀소바,메추리알장조림,백숙,보쌈,부대찌개,삼치구이,설렁탕,소불고기,순대국,연포탕,오징어볶음,잔치국수,제육볶음,짜장밥,짬뽕,초계국수,치즈불닭,치즈오븐스파게티,카레,해물탕');
INSERT INTO MEMBER(MNO, GRADE, PASSWORD, MNAME, PHONE, EMAIL, PREFER)
VALUES(172004, 'Y', '172004', '이수창', '010-0000-0000', '172004@KDN.COM', '갈비탕,갈치구이,계란말이,김치찌개,고등어구이,닭감자조림,돈까스,돈코츠라멘,돼지국밥,두부조림,메밀소바,메추리알장조림,백숙,보쌈,부대찌개,삼치구이,설렁탕,소불고기,순대국,연포탕,오징어볶음,잔치국수,제육볶음,짜장밥,짬뽕,초계국수,치즈불닭,치즈오븐스파게티,카레,해물탕');
INSERT INTO MEMBER(MNO, GRADE, PASSWORD, MNAME, PHONE, EMAIL, PREFER)
VALUES(172005, 'N', '172005', '갓태경', '010-0000-0000', '172005@KDN.COM', '갈비탕,갈치구이,계란말이,김치찌개,고등어구이,닭감자조림,돈까스,돈코츠라멘,돼지국밥,두부조림,메밀소바,메추리알장조림,백숙,보쌈,부대찌개,삼치구이,설렁탕,소불고기,순대국,연포탕,오징어볶음,잔치국수,제육볶음,짜장밥,짬뽕,초계국수,치즈불닭,치즈오븐스파게티,카레,해물탕');
INSERT INTO MEMBER(MNO, GRADE, PASSWORD, MNAME, PHONE, EMAIL, PREFER)
VALUES(172006, 'N', '172006', '갓추영', '010-0000-0000', '172006@KDN.COM', '갈비탕,갈치구이,계란말이,김치찌개,고등어구이,닭감자조림,돈까스,돈코츠라멘,돼지국밥,두부조림,메밀소바,메추리알장조림,백숙,보쌈,부대찌개,삼치구이,설렁탕,소불고기,순대국,연포탕,오징어볶음,잔치국수,제육볶음,짜장밥,짬뽕,초계국수,치즈불닭,치즈오븐스파게티,카레,해물탕');
INSERT INTO MEMBER(MNO, GRADE, PASSWORD, MNAME, PHONE, EMAIL, PREFER)
VALUES(172007, 'N', '172007', '갓뀨', '010-0000-0000', '172007@KDN.COM', '갈비탕,갈치구이,계란말이,김치찌개,고등어구이,닭감자조림,돈까스,돈코츠라멘,돼지국밥,두부조림,메밀소바,메추리알장조림,백숙,보쌈,부대찌개,삼치구이,설렁탕,소불고기,순대국,연포탕,오징어볶음,잔치국수,제육볶음,짜장밥,짬뽕,초계국수,치즈불닭,치즈오븐스파게티,카레,해물탕');
INSERT INTO MEMBER(MNO, GRADE, PASSWORD, MNAME, PHONE, EMAIL, PREFER)
VALUES(172008, 'N', '172008', '냄귱오뽜', '010-0000-0000', '172008@KDN.COM', '갈비탕,갈치구이,계란말이,김치찌개,고등어구이,닭감자조림,돈까스,돈코츠라멘,돼지국밥,두부조림,메밀소바,메추리알장조림,백숙,보쌈,부대찌개,삼치구이,설렁탕,소불고기,순대국,연포탕,오징어볶음,잔치국수,제육볶음,짜장밥,짬뽕,초계국수,치즈불닭,치즈오븐스파게티,카레,해물탕');
INSERT INTO MEMBER(MNO, GRADE, PASSWORD, MNAME, PHONE, EMAIL, PREFER)
VALUES(172009, 'N', '172009', '김밥요뎡', '010-0000-0000', '172009@KDN.COM', '갈비탕,갈치구이,계란말이,김치찌개,고등어구이,닭감자조림,돈까스,돈코츠라멘,돼지국밥,두부조림,메밀소바,메추리알장조림,백숙,보쌈,부대찌개,삼치구이,설렁탕,소불고기,순대국,연포탕,오징어볶음,잔치국수,제육볶음,짜장밥,짬뽕,초계국수,치즈불닭,치즈오븐스파게티,카레,해물탕');
INSERT INTO MEMBER(MNO, GRADE, PASSWORD, MNAME, PHONE, EMAIL, PREFER)
VALUES(172010, 'N', '172010', '갓치영', '010-0000-0000', '172010@KDN.COM', '갈비탕,갈치구이,계란말이,김치찌개,고등어구이,닭감자조림,돈까스,돈코츠라멘,돼지국밥,두부조림,메밀소바,메추리알장조림,백숙,보쌈,부대찌개,삼치구이,설렁탕,소불고기,순대국,연포탕,오징어볶음,잔치국수,제육볶음,짜장밥,짬뽕,초계국수,치즈불닭,치즈오븐스파게티,카레,해물탕');


--ANOTICEBOARD DATA INPUT!!--
INSERT INTO NOTICEBOARD(NNO, MNO, TITLE, CONTENTS, NDATE)
VALUES(NOTICEBOARD_NO.NEXTVAL, 172004, '미국 대통령','One man with courage makes a majority. Andrew Jackson',SYSDATE-30);
INSERT INTO NOTICEBOARD(NNO, MNO, TITLE, CONTENTS, NDATE)
VALUES(NOTICEBOARD_NO.NEXTVAL, 172004, '미국 정치가','When men are employed, they are best contented. Benjamin Franklin',SYSDATE-29);
INSERT INTO NOTICEBOARD(NNO, MNO, TITLE, CONTENTS, NDATE)
VALUES(NOTICEBOARD_NO.NEXTVAL, 172004, '미국 만화가','Happiness is a warm puppy. Charles M. Schulz',SYSDATE-28);
INSERT INTO NOTICEBOARD(NNO, MNO, TITLE, CONTENTS, NDATE)
VALUES(NOTICEBOARD_NO.NEXTVAL, 172004, '물리학자','Life improves slowly and goes wrong fast, and only catastrophe is clearly visible. Edward Teller',SYSDATE-27);
INSERT INTO NOTICEBOARD(NNO, MNO, TITLE, CONTENTS, NDATE)
VALUES(NOTICEBOARD_NO.NEXTVAL, 172004, '미국 작가','First you take a drink, then the drink takes a drink, then the drink takes you. F. Scott Fitzgerald',SYSDATE-26);
INSERT INTO NOTICEBOARD(NNO, MNO, TITLE, CONTENTS, NDATE)
VALUES(NOTICEBOARD_NO.NEXTVAL, 172004, '독일 작가','Work banishes those thre great evils, boredom, vice and poverty. Goethe',SYSDATE-25);
INSERT INTO NOTICEBOARD(NNO, MNO, TITLE, CONTENTS, NDATE)
VALUES(NOTICEBOARD_NO.NEXTVAL, 172004, '영국 극작가','We have no more right to consume happiness without producing it than to consume wealth witout producing it. George Bernard Shaw',SYSDATE-24);
INSERT INTO NOTICEBOARD(NNO, MNO, TITLE, CONTENTS, NDATE)
VALUES(NOTICEBOARD_NO.NEXTVAL, 172004, '에콰도르 정치인','He Who dose not hope to win has alread lost. Jose Joaquin Olmedo',SYSDATE-23);
INSERT INTO NOTICEBOARD(NNO, MNO, TITLE, CONTENTS, NDATE)
VALUES(NOTICEBOARD_NO.NEXTVAL, 172004, '미국 대통령','Liberty without learning is always is peril and learning without liberty is always in vain. John F. Kennedy',SYSDATE-22);
INSERT INTO NOTICEBOARD(NNO, MNO, TITLE, CONTENTS, NDATE)
VALUES(NOTICEBOARD_NO.NEXTVAL, 172004, '미국 대통령','Once you say your re going to settle for second, thats what happens to you in life, I find. John F, Kennedy',SYSDATE-21);
INSERT INTO NOTICEBOARD(NNO, MNO, TITLE, CONTENTS, NDATE)
VALUES(NOTICEBOARD_NO.NEXTVAL, 172004, '미국 시인','Intelligence recognizes what has happend. Genius recognizes what will happen. John Ciardi',SYSDATE-20);
INSERT INTO NOTICEBOARD(NNO, MNO, TITLE, CONTENTS, NDATE)
VALUES(NOTICEBOARD_NO.NEXTVAL, 172004, '영국 작가','A man of genius makes no mistakes. His erroes are volitional and are portals of discovery. James Joyce',SYSDATE-19);
INSERT INTO NOTICEBOARD(NNO, MNO, TITLE, CONTENTS, NDATE)
VALUES(NOTICEBOARD_NO.NEXTVAL, 172004, '미국 대통령','One man with courage makes a majority. Andrew Jackson',SYSDATE-18);
INSERT INTO NOTICEBOARD(NNO, MNO, TITLE, CONTENTS, NDATE)
VALUES(NOTICEBOARD_NO.NEXTVAL, 172004, '미국 정치가','When men are employed, they are best contented. Benjamin Franklin',SYSDATE-17);
INSERT INTO NOTICEBOARD(NNO, MNO, TITLE, CONTENTS, NDATE)
VALUES(NOTICEBOARD_NO.NEXTVAL, 172004, '미국 만화가','Happiness is a warm puppy. Charles M. Schulz',SYSDATE-16);
INSERT INTO NOTICEBOARD(NNO, MNO, TITLE, CONTENTS, NDATE)
VALUES(NOTICEBOARD_NO.NEXTVAL, 172004, '물리학자','Life improves slowly and goes wrong fast, and only catastrophe is clearly visible. Edward Teller',SYSDATE-15);
INSERT INTO NOTICEBOARD(NNO, MNO, TITLE, CONTENTS, NDATE)
VALUES(NOTICEBOARD_NO.NEXTVAL, 172004, '미국 작가','First you take a drink, then the drink takes a drink, then the drink takes you. F. Scott Fitzgerald',SYSDATE-14);
INSERT INTO NOTICEBOARD(NNO, MNO, TITLE, CONTENTS, NDATE)
VALUES(NOTICEBOARD_NO.NEXTVAL, 172004, '독일 작가','Work banishes those thre great evils, boredom, vice and poverty. Goethe',SYSDATE-12);
INSERT INTO NOTICEBOARD(NNO, MNO, TITLE, CONTENTS, NDATE)
VALUES(NOTICEBOARD_NO.NEXTVAL, 172004, '영국 극작가','We have no more right to consume happiness without producing it than to consume wealth witout producing it. George Bernard Shaw',SYSDATE-11);
INSERT INTO NOTICEBOARD(NNO, MNO, TITLE, CONTENTS, NDATE)
VALUES(NOTICEBOARD_NO.NEXTVAL, 172004, '에콰도르 정치인','He Who dose not hope to win has alread lost. Jose Joaquin Olmedo',SYSDATE-10);
INSERT INTO NOTICEBOARD(NNO, MNO, TITLE, CONTENTS, NDATE)
VALUES(NOTICEBOARD_NO.NEXTVAL, 172004, '미국 대통령','Liberty without learning is always is peril and learning without liberty is always in vain. John F. Kennedy',SYSDATE-9);
INSERT INTO NOTICEBOARD(NNO, MNO, TITLE, CONTENTS, NDATE)
VALUES(NOTICEBOARD_NO.NEXTVAL, 172004, '미국 대통령','Once you say your re going to settle for second, thats what happens to you in life, I find. John F, Kennedy',SYSDATE-8);
INSERT INTO NOTICEBOARD(NNO, MNO, TITLE, CONTENTS, NDATE)
VALUES(NOTICEBOARD_NO.NEXTVAL, 172004, '미국 시인','Intelligence recognizes what has happend. Genius recognizes what will happen. John Ciardi',SYSDATE-7);
INSERT INTO NOTICEBOARD(NNO, MNO, TITLE, CONTENTS, NDATE)
VALUES(NOTICEBOARD_NO.NEXTVAL, 172004, '영국 작가','A man of genius makes no mistakes. His erroes are volitional and are portals of discovery. James Joyce',SYSDATE-6);
INSERT INTO NOTICEBOARD(NNO, MNO, TITLE, CONTENTS, NDATE)
VALUES(NOTICEBOARD_NO.NEXTVAL, 172004, '에콰도르 정치인','He Who dose not hope to win has alread lost. Jose Joaquin Olmedo',SYSDATE-5);
INSERT INTO NOTICEBOARD(NNO, MNO, TITLE, CONTENTS, NDATE)
VALUES(NOTICEBOARD_NO.NEXTVAL, 172004, '미국 대통령','Liberty without learning is always is peril and learning without liberty is always in vain. John F. Kennedy',SYSDATE-4);
INSERT INTO NOTICEBOARD(NNO, MNO, TITLE, CONTENTS, NDATE)
VALUES(NOTICEBOARD_NO.NEXTVAL, 172004, '미국 대통령','Once you say your re going to settle for second, thats what happens to you in life, I find. John F, Kennedy',SYSDATE-3);
INSERT INTO NOTICEBOARD(NNO, MNO, TITLE, CONTENTS, NDATE)
VALUES(NOTICEBOARD_NO.NEXTVAL, 172004, '미국 시인','Intelligence recognizes what has happend. Genius recognizes what will happen. John Ciardi',SYSDATE-2);
INSERT INTO NOTICEBOARD(NNO, MNO, TITLE, CONTENTS, NDATE)
VALUES(NOTICEBOARD_NO.NEXTVAL, 172004, '영국 작가','A man of genius makes no mistakes. His erroes are volitional and are portals of discovery. James Joyce',SYSDATE-1);
INSERT INTO NOTICEBOARD(NNO, MNO, TITLE, CONTENTS, NDATE)
VALUES(NOTICEBOARD_NO.NEXTVAL, 172004, '미국 대통령','One man with courage makes a majority. Andrew Jackson',SYSDATE);
INSERT INTO NOTICEBOARD(NNO, MNO, TITLE, CONTENTS, NDATE)
VALUES(NOTICEBOARD_NO.NEXTVAL, 172004, '미국 정치가','When men are employed, they are best contented. Benjamin Franklin',SYSDATE);
INSERT INTO NOTICEBOARD(NNO, MNO, TITLE, CONTENTS, NDATE)
VALUES(NOTICEBOARD_NO.NEXTVAL, 172004, '미국 만화가','Happiness is a warm puppy. Charles M. Schulz',SYSDATE);
INSERT INTO NOTICEBOARD(NNO, MNO, TITLE, CONTENTS, NDATE)
VALUES(NOTICEBOARD_NO.NEXTVAL, 172004, '물리학자','Life improves slowly and goes wrong fast, and only catastrophe is clearly visible. Edward Teller',SYSDATE);
INSERT INTO NOTICEBOARD(NNO, MNO, TITLE, CONTENTS, NDATE)
VALUES(NOTICEBOARD_NO.NEXTVAL, 172004, '미국 작가','First you take a drink, then the drink takes a drink, then the drink takes you. F. Scott Fitzgerald',SYSDATE);
INSERT INTO NOTICEBOARD(NNO, MNO, TITLE, CONTENTS, NDATE)
VALUES(NOTICEBOARD_NO.NEXTVAL, 172004, '독일 작가','Work banishes those thre great evils, boredom, vice and poverty. Goethe',SYSDATE);
INSERT INTO NOTICEBOARD(NNO, MNO, TITLE, CONTENTS, NDATE)
VALUES(NOTICEBOARD_NO.NEXTVAL, 172004, '영국 극작가','We have no more right to consume happiness without producing it than to consume wealth witout producing it. George Bernard Shaw',SYSDATE);
INSERT INTO NOTICEBOARD(NNO, MNO, TITLE, CONTENTS, NDATE)
VALUES(NOTICEBOARD_NO.NEXTVAL, 172004, '에콰도르 정치인','He Who dose not hope to win has alread lost. Jose Joaquin Olmedo',SYSDATE);
INSERT INTO NOTICEBOARD(NNO, MNO, TITLE, CONTENTS, NDATE)
VALUES(NOTICEBOARD_NO.NEXTVAL, 172004, '미국 대통령','Liberty without learning is always is peril and learning without liberty is always in vain. John F. Kennedy',SYSDATE);
INSERT INTO NOTICEBOARD(NNO, MNO, TITLE, CONTENTS, NDATE)
VALUES(NOTICEBOARD_NO.NEXTVAL, 172004, '미국 대통령','Once you say your re going to settle for second, thats what happens to you in life, I find. John F, Kennedy',SYSDATE);
INSERT INTO NOTICEBOARD(NNO, MNO, TITLE, CONTENTS, NDATE)
VALUES(NOTICEBOARD_NO.NEXTVAL, 172004, '미국 시인','Intelligence recognizes what has happend. Genius recognizes what will happen. John Ciardi',SYSDATE);
INSERT INTO NOTICEBOARD(NNO, MNO, TITLE, CONTENTS, NDATE)
VALUES(NOTICEBOARD_NO.NEXTVAL, 172004, '영국 작가','A man of genius makes no mistakes. His erroes are volitional and are portals of discovery. James Joyce',SYSDATE);
INSERT INTO NOTICEBOARD(NNO, MNO, TITLE, CONTENTS, NDATE)
VALUES(NOTICEBOARD_NO.NEXTVAL, 172004, '식당 내부공사 관련 알림','현재 식당 배수 공사로 인해 소음이 발생하고 있습니다.<br/>이점 양해 부탁드리며, 더 좋은 식단으로 보답하겠습니다.',SYSDATE);
INSERT INTO NOTICEBOARD(NNO, MNO, TITLE, CONTENTS, NDATE)
VALUES(NOTICEBOARD_NO.NEXTVAL, 172004, '매주 금요일 석식 간소화 알림','귀경차량 운행으로 인해 매주 금요일 석식은 간편식으로 운영됩니다.<br/>홀수주: 잔치국수&김밥, 짝수주: 라면&김밥<br/>운영시간: 16시~17시 ',SYSDATE);
INSERT INTO NOTICEBOARD(NNO, MNO, TITLE, CONTENTS, NDATE)
VALUES(NOTICEBOARD_NO.NEXTVAL, 172004, '금주 메뉴 변경 알림','이번 주 화요일 식자재 준비 문제로 조식 메뉴가 변경됩니다.<br/>(변경 전: 겉절이 > 변경 후: 깍두기) ',SYSDATE);


--ANOBOARD DATE INPUT!!--
INSERT INTO ANOBOARD(ANO, ANOPW, ANOTITLE, ANOCONTENTS, ANODATE)
VALUES(ANOBOARD_NO.NEXTVAL, ANOBOARD_PW.NEXTVAL, '미상',' 큰 목표를 이루고 싶으면 허락을 구하지 마라',SYSDATE);
INSERT INTO ANOBOARD(ANO, ANOPW, ANOTITLE, ANOCONTENTS, ANODATE)
VALUES(ANOBOARD_NO.NEXTVAL, ANOBOARD_PW.NEXTVAL, '존 우든',' 상황을 가장 잘 활용하는 사람이 가장 좋은 상황을 맞는다',SYSDATE);
INSERT INTO ANOBOARD(ANO, ANOPW, ANOTITLE, ANOCONTENTS, ANODATE)
VALUES(ANOBOARD_NO.NEXTVAL, ANOBOARD_PW.NEXTVAL, '미상',' 창조적인 삶을 살려면 내가 틀릴지도 모른다는 공포를 버려야 한다',SYSDATE);
INSERT INTO ANOBOARD(ANO, ANOPW, ANOTITLE, ANOCONTENTS, ANODATE)
VALUES(ANOBOARD_NO.NEXTVAL, ANOBOARD_PW.NEXTVAL, '짐 론',' 일반적인 것을 잃을 위험을 감수하지 않으면 평범한 것에 만족해야 한다.',SYSDATE);
INSERT INTO ANOBOARD(ANO, ANOPW, ANOTITLE, ANOCONTENTS, ANODATE)
VALUES(ANOBOARD_NO.NEXTVAL, ANOBOARD_PW.NEXTVAL, '미상',' 뢰의 이유는 안전하거나 확실해서가 아니라, 위험을 감수할 용의가 있어서이다',SYSDATE);
INSERT INTO ANOBOARD(ANO, ANOPW, ANOTITLE, ANOCONTENTS, ANODATE)
VALUES(ANOBOARD_NO.NEXTVAL, ANOBOARD_PW.NEXTVAL, '스와미 비베카난다',' 한 가지 생각을 선택하라. 그 생각을 당신의 삶으로 만들어라. 그걸 생각하고, 꿈꾸고, 그에 기반해서 살아가라. 당신의 몸의 모든 부분, 뇌, 근육, 신경을 그 생각으로 가득 채우고 다른 생각은 다 내버려둬라. 이것이 성공하는 방법이다.',SYSDATE);
INSERT INTO ANOBOARD(ANO, ANOPW, ANOTITLE, ANOCONTENTS, ANODATE)
VALUES(ANOBOARD_NO.NEXTVAL, ANOBOARD_PW.NEXTVAL, '월트 디즈니',' 추구할 수 있는 용기가 있다면 우리의 모든 꿈은 이뤄질 수 있다.',SYSDATE);
INSERT INTO ANOBOARD(ANO, ANOPW, ANOTITLE, ANOCONTENTS, ANODATE)
VALUES(ANOBOARD_NO.NEXTVAL, ANOBOARD_PW.NEXTVAL, '미상',' 기다리는 사람에게 좋은 일이 생기지만, 찾아나서는 사람에게는 더 좋은 일이 생긴다',SYSDATE);
INSERT INTO ANOBOARD(ANO, ANOPW, ANOTITLE, ANOCONTENTS, ANODATE)
VALUES(ANOBOARD_NO.NEXTVAL, ANOBOARD_PW.NEXTVAL, '미상',' 늘 하던 대로 하면 늘 얻던 것을 얻는다',SYSDATE);
INSERT INTO ANOBOARD(ANO, ANOPW, ANOTITLE, ANOCONTENTS, ANODATE)
VALUES(ANOBOARD_NO.NEXTVAL, ANOBOARD_PW.NEXTVAL, '미상',' 열정을 잃지 않고 실패에서 실패로 걸어가는 것이 성공이다',SYSDATE);
INSERT INTO ANOBOARD(ANO, ANOPW, ANOTITLE, ANOCONTENTS, ANODATE)
VALUES(ANOBOARD_NO.NEXTVAL, ANOBOARD_PW.NEXTVAL, '미상',' 애벌레가 세상이 끝났다고 생각하는 순간 나비로 변했다',SYSDATE);
INSERT INTO ANOBOARD(ANO, ANOPW, ANOTITLE, ANOCONTENTS, ANODATE)
VALUES(ANOBOARD_NO.NEXTVAL, ANOBOARD_PW.NEXTVAL, '미상',' 성공한 사업가들은 긍정적인 에너지를 주는 사람들이지 가져가는 사람들이 아니다',SYSDATE);
INSERT INTO ANOBOARD(ANO, ANOPW, ANOTITLE, ANOCONTENTS, ANODATE)
VALUES(ANOBOARD_NO.NEXTVAL, ANOBOARD_PW.NEXTVAL, '성공한 사람을 볼 때 당신은 대중에게 드러난 영예만 보지, 절대 그 영예를 얻기 위해 했던 개인적 희생은 보지 않는다',' 성공한 사람을 볼 때 당신은 대중에게 드러난 영예만 보지, 절대 그 영예를 얻기 위해 했던 개인적 희생은 보지 않는다',SYSDATE);
INSERT INTO ANOBOARD(ANO, ANOPW, ANOTITLE, ANOCONTENTS, ANODATE)
VALUES(ANOBOARD_NO.NEXTVAL, ANOBOARD_PW.NEXTVAL, '크리스 그로서',' 기회는 일어나는 것이 아니라 만들어내는 것이다',SYSDATE);
INSERT INTO ANOBOARD(ANO, ANOPW, ANOTITLE, ANOCONTENTS, ANODATE)
VALUES(ANOBOARD_NO.NEXTVAL, ANOBOARD_PW.NEXTVAL, '알버트 아인슈타인',' 성공한 사람이 되려고 노력하기보다 가치있는 사람이 되려고 노력하라',SYSDATE);
INSERT INTO ANOBOARD(ANO, ANOPW, ANOTITLE, ANOCONTENTS, ANODATE)
VALUES(ANOBOARD_NO.NEXTVAL, ANOBOARD_PW.NEXTVAL, '엘리너 루즈벨트',' 위대한 정신을 가진 사람들은 생각을 논한다. 평범한 사람들은 사건을 논한다. 마음이 좁은 사람들은 사람들을 논한다',SYSDATE);
INSERT INTO ANOBOARD(ANO, ANOPW, ANOTITLE, ANOCONTENTS, ANODATE)
VALUES(ANOBOARD_NO.NEXTVAL, ANOBOARD_PW.NEXTVAL, '토마스 에디슨',' 나는 실패한 게 아니다. 나는 잘 되지 않는 방법 1만 가지를 발견한 것이다.',SYSDATE);
INSERT INTO ANOBOARD(ANO, ANOPW, ANOTITLE, ANOCONTENTS, ANODATE)
VALUES(ANOBOARD_NO.NEXTVAL, ANOBOARD_PW.NEXTVAL, '킴 가스트',' 당신이 자신의 시간을 가치있게 생각하지 않으면 남들도 마찬가지일 것이다. 시간과 재능을 막 나눠주지 말고 팔아라.',SYSDATE);
INSERT INTO ANOBOARD(ANO, ANOPW, ANOTITLE, ANOCONTENTS, ANODATE)
VALUES(ANOBOARD_NO.NEXTVAL, ANOBOARD_PW.NEXTVAL, '데이비드 브링클리',' 남들이 당신에게 던진 벽돌들로 탄탄한 기반을 쌓을 수 있어야 성공한다.',SYSDATE);
INSERT INTO ANOBOARD(ANO, ANOPW, ANOTITLE, ANOCONTENTS, ANODATE)
VALUES(ANOBOARD_NO.NEXTVAL, ANOBOARD_PW.NEXTVAL, '엘리너 루즈벨트','  당신이 허락해주지 않으면 아무도 당신이 열등감을 느끼게 만들 수 없다',SYSDATE);
INSERT INTO ANOBOARD(ANO, ANOPW, ANOTITLE, ANOCONTENTS, ANODATE)
VALUES(ANOBOARD_NO.NEXTVAL, ANOBOARD_PW.NEXTVAL, ' 헨리 포드',' 성공적인 삶의 비밀은 무엇을 하는 게 자신의 운명인지 찾아낸 다음 그걸 하는 것이다. ',SYSDATE);
INSERT INTO ANOBOARD(ANO, ANOPW, ANOTITLE, ANOCONTENTS, ANODATE)
VALUES(ANOBOARD_NO.NEXTVAL, ANOBOARD_PW.NEXTVAL, '윈스턴 처칠',' 지옥을 겪고 있다면 계속 겪어 나가라',SYSDATE);
INSERT INTO ANOBOARD(ANO, ANOPW, ANOTITLE, ANOCONTENTS, ANODATE)
VALUES(ANOBOARD_NO.NEXTVAL, ANOBOARD_PW.NEXTVAL, '미상',' 자기가 세상을 바꿀 수 있다고 생각할 정도로 미친 사람들이 세상을 바꾼다',SYSDATE);
INSERT INTO ANOBOARD(ANO, ANOPW, ANOTITLE, ANOCONTENTS, ANODATE)
VALUES(ANOBOARD_NO.NEXTVAL, ANOBOARD_PW.NEXTVAL, '미상',' 언성을 높이지 말고 논거를 강화하라',SYSDATE);
INSERT INTO ANOBOARD(ANO, ANOPW, ANOTITLE, ANOCONTENTS, ANODATE)
VALUES(ANOBOARD_NO.NEXTVAL, ANOBOARD_PW.NEXTVAL, '오스카 와일드',' 괴로운 시련처럼 보이는 것이 뜻밖의 좋은 일일 때가 많다',SYSDATE);
INSERT INTO ANOBOARD(ANO, ANOPW, ANOTITLE, ANOCONTENTS, ANODATE)
VALUES(ANOBOARD_NO.NEXTVAL, ANOBOARD_PW.NEXTVAL, '미상',' 삶의 의미는 자신의 재능을 발견하는 것이다. 삶의 목적은 그것을 나눠주는 것이다.',SYSDATE);
INSERT INTO ANOBOARD(ANO, ANOPW, ANOTITLE, ANOCONTENTS, ANODATE)
VALUES(ANOBOARD_NO.NEXTVAL, ANOBOARD_PW.NEXTVAL, '브루스 페어스타인',' 광기와 천재성 사이의 거리는 성공으로만 측정된다',SYSDATE);
INSERT INTO ANOBOARD(ANO, ANOPW, ANOTITLE, ANOCONTENTS, ANODATE)
VALUES(ANOBOARD_NO.NEXTVAL, ANOBOARD_PW.NEXTVAL, '롤리다스칼',' 잘못된 것들을 쫓아다니는 것을 그만두면 옳은 일들이 당신을 따라잡을 기회가 생긴다. ',SYSDATE);
INSERT INTO ANOBOARD(ANO, ANOPW, ANOTITLE, ANOCONTENTS, ANODATE)
VALUES(ANOBOARD_NO.NEXTVAL, ANOBOARD_PW.NEXTVAL, '존 록펠러',' 위대한 것으로 향하기 위해 좋은 것을 포기하는 걸 두려워하지 마라',SYSDATE);
INSERT INTO ANOBOARD(ANO, ANOPW, ANOTITLE, ANOCONTENTS, ANODATE)
VALUES(ANOBOARD_NO.NEXTVAL, ANOBOARD_PW.NEXTVAL, '미상',' 게으른 예술가가 만든 명작은 없다',SYSDATE);
INSERT INTO ANOBOARD(ANO, ANOPW, ANOTITLE, ANOCONTENTS, ANODATE)
VALUES(ANOBOARD_NO.NEXTVAL, ANOBOARD_PW.NEXTVAL, '나다니엘 호손',' 행복은 나비다. 당신이 쫓아다니면 늘 잡을 수 없는 곳에 있지만, 조용히 앉아 있으면 당신에게 내려앉을지도 모른다.',SYSDATE);
INSERT INTO ANOBOARD(ANO, ANOPW, ANOTITLE, ANOCONTENTS, ANODATE)
VALUES(ANOBOARD_NO.NEXTVAL, ANOBOARD_PW.NEXTVAL, '알버트 아인슈타인',' 간단하게 설명할 수 없으면 제대로 이해하지 못하는 것이다',SYSDATE);
INSERT INTO ANOBOARD(ANO, ANOPW, ANOTITLE, ANOCONTENTS, ANODATE)
VALUES(ANOBOARD_NO.NEXTVAL, ANOBOARD_PW.NEXTVAL, '미상',' 주고 기억하지 않고, 받고 잊지 않는 사람들에게 복이 있나니',SYSDATE);
INSERT INTO ANOBOARD(ANO, ANOPW, ANOTITLE, ANOCONTENTS, ANODATE)
VALUES(ANOBOARD_NO.NEXTVAL, ANOBOARD_PW.NEXTVAL, '미상',' 매일 당신을 두렵게 만드는 일을 하나씩 하라.',SYSDATE);
INSERT INTO ANOBOARD(ANO, ANOPW, ANOTITLE, ANOCONTENTS, ANODATE)
VALUES(ANOBOARD_NO.NEXTVAL, ANOBOARD_PW.NEXTVAL, '미상',' 놀라운 일을 하려고 노력조차 하지 않을 거면 살아 있어서 뭐하나.',SYSDATE);
INSERT INTO ANOBOARD(ANO, ANOPW, ANOTITLE, ANOCONTENTS, ANODATE)
VALUES(ANOBOARD_NO.NEXTVAL, ANOBOARD_PW.NEXTVAL, '롤리 다스칼',' 인생이란 자신을 찾는 것이 아니라 자신을 만드는 것이다.',SYSDATE);
INSERT INTO ANOBOARD(ANO, ANOPW, ANOTITLE, ANOCONTENTS, ANODATE)
VALUES(ANOBOARD_NO.NEXTVAL, ANOBOARD_PW.NEXTVAL, '미상',' 이 세상에 재능이 있는데 성공하지 못한 사람보다 더 흔한 건 없다',SYSDATE);
INSERT INTO ANOBOARD(ANO, ANOPW, ANOTITLE, ANOCONTENTS, ANODATE)
VALUES(ANOBOARD_NO.NEXTVAL, ANOBOARD_PW.NEXTVAL, '미상',' 지식이란 당신이 뭘 할 수 있는지 아는 것이다. 지혜란 하지 않아야 할 때를 아는 것이다',SYSDATE);
INSERT INTO ANOBOARD(ANO, ANOPW, ANOTITLE, ANOCONTENTS, ANODATE)
VALUES(ANOBOARD_NO.NEXTVAL, ANOBOARD_PW.NEXTVAL, '미상',' 당신의 문제가 문제가 아니라 당신의 반응이 문제다',SYSDATE);
INSERT INTO ANOBOARD(ANO, ANOPW, ANOTITLE, ANOCONTENTS, ANODATE)
VALUES(ANOBOARD_NO.NEXTVAL, ANOBOARD_PW.NEXTVAL, '미상',' 뭐든 할 수 있지만 모든 걸 할 수 있는 건 아니다',SYSDATE);
INSERT INTO ANOBOARD(ANO, ANOPW, ANOTITLE, ANOCONTENTS, ANODATE)
VALUES(ANOBOARD_NO.NEXTVAL, ANOBOARD_PW.NEXTVAL, '스티브 잡스',' 혁신이 지도자와 추종자를 가른다.',SYSDATE);
INSERT INTO ANOBOARD(ANO, ANOPW, ANOTITLE, ANOCONTENTS, ANODATE)
VALUES(ANOBOARD_NO.NEXTVAL, ANOBOARD_PW.NEXTVAL, '레이 고포스','  당신이 세상을 바꿀 수 없다고 말하는 사람에는 두 종류가 있다. 시도하기를 두려워하는 사람들, 당신이 성공할까 봐 두려워하는 사람들.',SYSDATE);
INSERT INTO ANOBOARD(ANO, ANOPW, ANOTITLE, ANOCONTENTS, ANODATE)
VALUES(ANOBOARD_NO.NEXTVAL, ANOBOARD_PW.NEXTVAL, 'APJ 칼람',' 당신이 살면서 어떤 부침을 겪든 간에 생각이 당신의 기본 자산이 되어야 한다',SYSDATE);
INSERT INTO ANOBOARD(ANO, ANOPW, ANOTITLE, ANOCONTENTS, ANODATE)
VALUES(ANOBOARD_NO.NEXTVAL, ANOBOARD_PW.NEXTVAL, '토마스 제퍼슨',' 나는 내가 더 노력할수록 운이 더 좋아진다는 걸 발견했다',SYSDATE);


--REVIEWBOARD DATA INPUT!!--
--172001 아침--
INSERT INTO REVIEWBOARD(RNO, MNO, SPOINT, COMMENTS, SCODE, FNAME, REGDATE)
VALUES(REVIEWBOARD_NO.NEXTVAL, 172001, 3, '夢は逃げない。逃げるのはいつも自分だ', 1, '두부조림', SYSDATE);
INSERT INTO REVIEWBOARD(RNO, MNO, SPOINT, COMMENTS, SCODE, FNAME, REGDATE)
VALUES(REVIEWBOARD_NO.NEXTVAL, 172001, 2, '生まれ?わったらっていうひとおるけど、次ないよ。', 1, '계란말이', SYSDATE);
INSERT INTO REVIEWBOARD(RNO, MNO, SPOINT, COMMENTS, SCODE, FNAME, REGDATE)
VALUES(REVIEWBOARD_NO.NEXTVAL, 172001, 1, '愛とは決して後悔しないこと', 1, '메추리알장조림', SYSDATE);
INSERT INTO REVIEWBOARD(RNO, MNO, SPOINT, COMMENTS, SCODE, FNAME, REGDATE)
VALUES(REVIEWBOARD_NO.NEXTVAL, 172001, 2, 'もしもあなたに限界があるならそれはあきらめた瞬間でしょう。', 1, '삼치구이', SYSDATE);
INSERT INTO REVIEWBOARD(RNO, MNO, SPOINT, COMMENTS, SCODE, FNAME, REGDATE)
VALUES(REVIEWBOARD_NO.NEXTVAL, 172001, 3, '遠回りの蓄積こそあなたの財産', 1, '오징어볶음', SYSDATE);
INSERT INTO REVIEWBOARD(RNO, MNO, SPOINT, COMMENTS, SCODE, FNAME, REGDATE)
VALUES(REVIEWBOARD_NO.NEXTVAL, 172001, 4, '誰かに必要とされていることそれはあなたが誰かの希望であることだ', 1, '메추리알장조림', SYSDATE);
INSERT INTO REVIEWBOARD(RNO, MNO, SPOINT, COMMENTS, SCODE, FNAME, REGDATE)
VALUES(REVIEWBOARD_NO.NEXTVAL, 172001, 5, '壁にぶち?たった時に、自分のやってきたことを否定してしまうとすべてがスタ?トに?ってしまう', 1, '삼치구이', SYSDATE);
INSERT INTO REVIEWBOARD(RNO, MNO, SPOINT, COMMENTS, SCODE, FNAME, REGDATE)
VALUES(REVIEWBOARD_NO.NEXTVAL, 172001, 2, '孤?とは、最も純度の高い、自分…', 1, '오징어볶음', SYSDATE);
INSERT INTO REVIEWBOARD(RNO, MNO, SPOINT, COMMENTS, SCODE, FNAME, REGDATE)
VALUES(REVIEWBOARD_NO.NEXTVAL, 172001, 3, '手には、物を?む手と放す手があるんですよ', 1, '계란말이', SYSDATE);
INSERT INTO REVIEWBOARD(RNO, MNO, SPOINT, COMMENTS, SCODE, FNAME, REGDATE)
VALUES(REVIEWBOARD_NO.NEXTVAL, 172001, 4, 'チャレンジして失敗を恐れるよりも、何もしないことを恐れろ', 1, '두부조림', SYSDATE);
INSERT INTO REVIEWBOARD(RNO, MNO, SPOINT, COMMENTS, SCODE, FNAME, REGDATE)
VALUES(REVIEWBOARD_NO.NEXTVAL, 172001, 5, '痛いのは生きているから', 1, '오징어볶음', SYSDATE);
INSERT INTO REVIEWBOARD(RNO, MNO, SPOINT, COMMENTS, SCODE, FNAME, REGDATE)
VALUES(REVIEWBOARD_NO.NEXTVAL, 172001, 3, '?んだのは?いたから', 1, '메추리알장조림', SYSDATE);
INSERT INTO REVIEWBOARD(RNO, MNO, SPOINT, COMMENTS, SCODE, FNAME, REGDATE)
VALUES(REVIEWBOARD_NO.NEXTVAL, 172001, 2, '迷っているのは進んだから', 1, '삼치구이', SYSDATE);
INSERT INTO REVIEWBOARD(RNO, MNO, SPOINT, COMMENTS, SCODE, FNAME, REGDATE)
VALUES(REVIEWBOARD_NO.NEXTVAL, 172001, 1, '逃げ出したいのは?ってるから', 1, '삼치구이', SYSDATE);
INSERT INTO REVIEWBOARD(RNO, MNO, SPOINT, COMMENTS, SCODE, FNAME, REGDATE)
VALUES(REVIEWBOARD_NO.NEXTVAL, 172001, 2, '試練は忍耐を産みだし、', 1, '두부조림', SYSDATE);
INSERT INTO REVIEWBOARD(RNO, MNO, SPOINT, COMMENTS, SCODE, FNAME, REGDATE)
VALUES(REVIEWBOARD_NO.NEXTVAL, 172001, 3, '忍耐は練達を産みだし', 1, '계란말이', SYSDATE);
INSERT INTO REVIEWBOARD(RNO, MNO, SPOINT, COMMENTS, SCODE, FNAME, REGDATE)
VALUES(REVIEWBOARD_NO.NEXTVAL, 172001, 4, '練達は希望を産みだす。', 1, '메추리알장조림', SYSDATE);
INSERT INTO REVIEWBOARD(RNO, MNO, SPOINT, COMMENTS, SCODE, FNAME, REGDATE)
VALUES(REVIEWBOARD_NO.NEXTVAL, 172001, 5, 'できないというのは、本?にする?がないからです。', 1, '삼치구이', SYSDATE);
INSERT INTO REVIEWBOARD(RNO, MNO, SPOINT, COMMENTS, SCODE, FNAME, REGDATE)
VALUES(REVIEWBOARD_NO.NEXTVAL, 172001, 4, '時間の使い方の最も下手な者が、まずその短さについて苦情を言う', 1, '오징어볶음', SYSDATE);
INSERT INTO REVIEWBOARD(RNO, MNO, SPOINT, COMMENTS, SCODE, FNAME, REGDATE)
VALUES(REVIEWBOARD_NO.NEXTVAL, 172001, 3, '決心する前に完全に見通しをつけようとする者は、決心することはできない', 1, '두부조림', SYSDATE);
--일품--
INSERT INTO REVIEWBOARD(RNO, MNO, SPOINT, COMMENTS, SCODE, FNAME, REGDATE)
VALUES(REVIEWBOARD_NO.NEXTVAL, 172001, 4, '過去にこだわるものは、未?を失う', 2, '카레', SYSDATE);
INSERT INTO REVIEWBOARD(RNO, MNO, SPOINT, COMMENTS, SCODE, FNAME, REGDATE)
VALUES(REVIEWBOARD_NO.NEXTVAL, 172001, 3, '何も?かない寒い日は、下へ下へと根を伸ばせ。やがて大きな花が?く', 2, '메밀소바', SYSDATE);
INSERT INTO REVIEWBOARD(RNO, MNO, SPOINT, COMMENTS, SCODE, FNAME, REGDATE)
VALUES(REVIEWBOARD_NO.NEXTVAL, 172001, 2, '人付き合いがうまいというのは、人を許せるということだ', 2, '짬뽕', SYSDATE);
INSERT INTO REVIEWBOARD(RNO, MNO, SPOINT, COMMENTS, SCODE, FNAME, REGDATE)
VALUES(REVIEWBOARD_NO.NEXTVAL, 172001, 1, '神に誓うな 己に誓え', 2, '돈코츠라멘', SYSDATE);
INSERT INTO REVIEWBOARD(RNO, MNO, SPOINT, COMMENTS, SCODE, FNAME, REGDATE)
VALUES(REVIEWBOARD_NO.NEXTVAL, 172001, 2, 'あきらめたらそこで試合終了だよ', 2, '치즈오븐스파게티', SYSDATE);
INSERT INTO REVIEWBOARD(RNO, MNO, SPOINT, COMMENTS, SCODE, FNAME, REGDATE)
VALUES(REVIEWBOARD_NO.NEXTVAL, 172001, 3, '花よりも花を?かせる土になれ', 2, '카레', SYSDATE);
INSERT INTO REVIEWBOARD(RNO, MNO, SPOINT, COMMENTS, SCODE, FNAME, REGDATE)
VALUES(REVIEWBOARD_NO.NEXTVAL, 172001, 4, 'Dum spiro, spero', 2, '메밀소바', SYSDATE);
INSERT INTO REVIEWBOARD(RNO, MNO, SPOINT, COMMENTS, SCODE, FNAME, REGDATE)
VALUES(REVIEWBOARD_NO.NEXTVAL, 172001, 2, 'Carpe Diem', 2, '짬뽕', SYSDATE);
INSERT INTO REVIEWBOARD(RNO, MNO, SPOINT, COMMENTS, SCODE, FNAME, REGDATE)
VALUES(REVIEWBOARD_NO.NEXTVAL, 172001, 3, 'A contrario', 2, '돈코츠라멘', SYSDATE);
INSERT INTO REVIEWBOARD(RNO, MNO, SPOINT, COMMENTS, SCODE, FNAME, REGDATE)
VALUES(REVIEWBOARD_NO.NEXTVAL, 172001, 2, 'A deo vocatus rite paratus', 2, '치즈오븐스파게티', SYSDATE);
INSERT INTO REVIEWBOARD(RNO, MNO, SPOINT, COMMENTS, SCODE, FNAME, REGDATE)
VALUES(REVIEWBOARD_NO.NEXTVAL, 172001, 1, 'ab antiquo', 2, '카레', SYSDATE);
INSERT INTO REVIEWBOARD(RNO, MNO, SPOINT, COMMENTS, SCODE, FNAME, REGDATE)
VALUES(REVIEWBOARD_NO.NEXTVAL, 172001, 2, 'ab extra', 2, '메밀소바', SYSDATE);
INSERT INTO REVIEWBOARD(RNO, MNO, SPOINT, COMMENTS, SCODE, FNAME, REGDATE)
VALUES(REVIEWBOARD_NO.NEXTVAL, 172001, 3, 'Ab imo pectore', 2, '짬뽕', SYSDATE);
INSERT INTO REVIEWBOARD(RNO, MNO, SPOINT, COMMENTS, SCODE, FNAME, REGDATE)
VALUES(REVIEWBOARD_NO.NEXTVAL, 172001, 4, 'ab initio', 2, '돈코츠라멘', SYSDATE);
INSERT INTO REVIEWBOARD(RNO, MNO, SPOINT, COMMENTS, SCODE, FNAME, REGDATE)
VALUES(REVIEWBOARD_NO.NEXTVAL, 172001, 5, 'ab intra ', 2, '치즈오븐스파게티', SYSDATE);
INSERT INTO REVIEWBOARD(RNO, MNO, SPOINT, COMMENTS, SCODE, FNAME, REGDATE)
VALUES(REVIEWBOARD_NO.NEXTVAL, 172001, 4, 'Absurdum est ut alios regat, qui seipsum regere nescit', 2, '카레', SYSDATE);
INSERT INTO REVIEWBOARD(RNO, MNO, SPOINT, COMMENTS, SCODE, FNAME, REGDATE)
VALUES(REVIEWBOARD_NO.NEXTVAL, 172001, 2, 'Accredere', 2, '메밀소바', SYSDATE);
INSERT INTO REVIEWBOARD(RNO, MNO, SPOINT, COMMENTS, SCODE, FNAME, REGDATE)
VALUES(REVIEWBOARD_NO.NEXTVAL, 172001, 3, 'Acta est fabula', 2, '짬뽕', SYSDATE);
INSERT INTO REVIEWBOARD(RNO, MNO, SPOINT, COMMENTS, SCODE, FNAME, REGDATE)
VALUES(REVIEWBOARD_NO.NEXTVAL, 172001, 1, 'Acta est fabula, plaudite', 2, '돈코츠라멘', SYSDATE);
INSERT INTO REVIEWBOARD(RNO, MNO, SPOINT, COMMENTS, SCODE, FNAME, REGDATE)
VALUES(REVIEWBOARD_NO.NEXTVAL, 172001, 2, 'Acta Non Verba', 2, '치즈오븐스파게티', SYSDATE);
--한식
INSERT INTO REVIEWBOARD(RNO, MNO, SPOINT, COMMENTS, SCODE, FNAME, REGDATE)
VALUES(REVIEWBOARD_NO.NEXTVAL, 172001, 3, 'ad extremum', 3, '오징어볶음', SYSDATE);
INSERT INTO REVIEWBOARD(RNO, MNO, SPOINT, COMMENTS, SCODE, FNAME, REGDATE)
VALUES(REVIEWBOARD_NO.NEXTVAL, 172001, 2, 'ad hoc', 3, '연포탕', SYSDATE);
INSERT INTO REVIEWBOARD(RNO, MNO, SPOINT, COMMENTS, SCODE, FNAME, REGDATE)
VALUES(REVIEWBOARD_NO.NEXTVAL, 172001, 4, 'ad interim', 3, '제육볶음', SYSDATE);
INSERT INTO REVIEWBOARD(RNO, MNO, SPOINT, COMMENTS, SCODE, FNAME, REGDATE)
VALUES(REVIEWBOARD_NO.NEXTVAL, 172001, 5, 'ad lib', 3, '백숙', SYSDATE);
INSERT INTO REVIEWBOARD(RNO, MNO, SPOINT, COMMENTS, SCODE, FNAME, REGDATE)
VALUES(REVIEWBOARD_NO.NEXTVAL, 172001, 2, 'ad majorem dei gloroam ', 3, '고등어구이', SYSDATE);
INSERT INTO REVIEWBOARD(RNO, MNO, SPOINT, COMMENTS, SCODE, FNAME, REGDATE)
VALUES(REVIEWBOARD_NO.NEXTVAL, 172001, 1, 'ad rem', 3, '오징어볶음', SYSDATE);
INSERT INTO REVIEWBOARD(RNO, MNO, SPOINT, COMMENTS, SCODE, FNAME, REGDATE)
VALUES(REVIEWBOARD_NO.NEXTVAL, 172001, 2, '?Ad Sum', 3, '연포탕', SYSDATE);
INSERT INTO REVIEWBOARD(RNO, MNO, SPOINT, COMMENTS, SCODE, FNAME, REGDATE)
VALUES(REVIEWBOARD_NO.NEXTVAL, 172001, 3, 'ad valorem', 3, '제육볶음', SYSDATE);
INSERT INTO REVIEWBOARD(RNO, MNO, SPOINT, COMMENTS, SCODE, FNAME, REGDATE)
VALUES(REVIEWBOARD_NO.NEXTVAL, 172001, 4, 'addictum', 3, '백숙', SYSDATE);
INSERT INTO REVIEWBOARD(RNO, MNO, SPOINT, COMMENTS, SCODE, FNAME, REGDATE)
VALUES(REVIEWBOARD_NO.NEXTVAL, 172001, 3, 'adestote onmes animis!', 3, '고등어구이', SYSDATE);
INSERT INTO REVIEWBOARD(RNO, MNO, SPOINT, COMMENTS, SCODE, FNAME, REGDATE)
VALUES(REVIEWBOARD_NO.NEXTVAL, 172001, 2, 'Adios Amigo', 3, '오징어볶음', SYSDATE);
INSERT INTO REVIEWBOARD(RNO, MNO, SPOINT, COMMENTS, SCODE, FNAME, REGDATE)
VALUES(REVIEWBOARD_NO.NEXTVAL, 172001, 1, 'aemulatio', 3, '연포탕', SYSDATE);
INSERT INTO REVIEWBOARD(RNO, MNO, SPOINT, COMMENTS, SCODE, FNAME, REGDATE)
VALUES(REVIEWBOARD_NO.NEXTVAL, 172001, 2, 'aestas', 3, '제육볶음', SYSDATE);
INSERT INTO REVIEWBOARD(RNO, MNO, SPOINT, COMMENTS, SCODE, FNAME, REGDATE)
VALUES(REVIEWBOARD_NO.NEXTVAL, 172001, 3, 'Age quod agis.', 3, '백숙', SYSDATE);
INSERT INTO REVIEWBOARD(RNO, MNO, SPOINT, COMMENTS, SCODE, FNAME, REGDATE)
VALUES(REVIEWBOARD_NO.NEXTVAL, 172001, 4, 'Agenda', 3, '고등어구이', SYSDATE);
INSERT INTO REVIEWBOARD(RNO, MNO, SPOINT, COMMENTS, SCODE, FNAME, REGDATE)
VALUES(REVIEWBOARD_NO.NEXTVAL, 172001, 5, 'Alea iacta est', 3, '오징어볶음', SYSDATE);
INSERT INTO REVIEWBOARD(RNO, MNO, SPOINT, COMMENTS, SCODE, FNAME, REGDATE)
VALUES(REVIEWBOARD_NO.NEXTVAL, 172001, 2, 'Aliis si licet, tibi non licet', 3, '연포탕', SYSDATE);
INSERT INTO REVIEWBOARD(RNO, MNO, SPOINT, COMMENTS, SCODE, FNAME, REGDATE)
VALUES(REVIEWBOARD_NO.NEXTVAL, 172001, 1, 'Alis volat propriiss', 3, '제육볶음', SYSDATE);
INSERT INTO REVIEWBOARD(RNO, MNO, SPOINT, COMMENTS, SCODE, FNAME, REGDATE)
VALUES(REVIEWBOARD_NO.NEXTVAL, 172001, 2, 'Altiora Petamus', 3, '백숙', SYSDATE);
INSERT INTO REVIEWBOARD(RNO, MNO, SPOINT, COMMENTS, SCODE, FNAME, REGDATE)
VALUES(REVIEWBOARD_NO.NEXTVAL, 172001, 3, 'Amantes sunt amentes', 3, '고등어구이', SYSDATE);
--저녁--
INSERT INTO REVIEWBOARD(RNO, MNO, SPOINT, COMMENTS, SCODE, FNAME, REGDATE)
VALUES(REVIEWBOARD_NO.NEXTVAL, 172001, 3, 'Amicus ad adras', 4, '치즈불닭', SYSDATE);
INSERT INTO REVIEWBOARD(RNO, MNO, SPOINT, COMMENTS, SCODE, FNAME, REGDATE)
VALUES(REVIEWBOARD_NO.NEXTVAL, 172001, 2, 'Amicus certus in re incerta cernitur', 4, '갈비탕', SYSDATE);
INSERT INTO REVIEWBOARD(RNO, MNO, SPOINT, COMMENTS, SCODE, FNAME, REGDATE)
VALUES(REVIEWBOARD_NO.NEXTVAL, 172001, 1, 'Amor est vitae essentia.', 4, '닭감자조림', SYSDATE);
INSERT INTO REVIEWBOARD(RNO, MNO, SPOINT, COMMENTS, SCODE, FNAME, REGDATE)
VALUES(REVIEWBOARD_NO.NEXTVAL, 172001, 4, 'Amor patriae', 4, '부대찌개', SYSDATE);
INSERT INTO REVIEWBOARD(RNO, MNO, SPOINT, COMMENTS, SCODE, FNAME, REGDATE)
VALUES(REVIEWBOARD_NO.NEXTVAL, 172001, 5, 'Amor vincit omnia', 4, '잔치국수', SYSDATE);
INSERT INTO REVIEWBOARD(RNO, MNO, SPOINT, COMMENTS, SCODE, FNAME, REGDATE)
VALUES(REVIEWBOARD_NO.NEXTVAL, 172001, 2, 'amor', 4, '치즈불닭', SYSDATE);
INSERT INTO REVIEWBOARD(RNO, MNO, SPOINT, COMMENTS, SCODE, FNAME, REGDATE)
VALUES(REVIEWBOARD_NO.NEXTVAL, 172001, 3, 'Animum fortuna sequitur.', 4, '갈비탕', SYSDATE);
INSERT INTO REVIEWBOARD(RNO, MNO, SPOINT, COMMENTS, SCODE, FNAME, REGDATE)
VALUES(REVIEWBOARD_NO.NEXTVAL, 172001, 4, 'ante victoriam ne canas triumphum', 4, '닭감자조림', SYSDATE);
INSERT INTO REVIEWBOARD(RNO, MNO, SPOINT, COMMENTS, SCODE, FNAME, REGDATE)
VALUES(REVIEWBOARD_NO.NEXTVAL, 172001, 2, 'Ars longa vita brevis', 4, '부대찌개', SYSDATE);
INSERT INTO REVIEWBOARD(RNO, MNO, SPOINT, COMMENTS, SCODE, FNAME, REGDATE)
VALUES(REVIEWBOARD_NO.NEXTVAL, 172001, 1, 'Atrium Arcanorum', 4, '잔치국수', SYSDATE);
INSERT INTO REVIEWBOARD(RNO, MNO, SPOINT, COMMENTS, SCODE, FNAME, REGDATE)
VALUES(REVIEWBOARD_NO.NEXTVAL, 172001, 2, 'Au pied de la lettre', 4, '치즈불닭', SYSDATE);
INSERT INTO REVIEWBOARD(RNO, MNO, SPOINT, COMMENTS, SCODE, FNAME, REGDATE)
VALUES(REVIEWBOARD_NO.NEXTVAL, 172001, 3, 'Audentes fortuna iuvat. ', 4, '갈비탕', SYSDATE);
INSERT INTO REVIEWBOARD(RNO, MNO, SPOINT, COMMENTS, SCODE, FNAME, REGDATE)
VALUES(REVIEWBOARD_NO.NEXTVAL, 172001, 4, 'audentia', 4, '닭감자조림', SYSDATE);
INSERT INTO REVIEWBOARD(RNO, MNO, SPOINT, COMMENTS, SCODE, FNAME, REGDATE)
VALUES(REVIEWBOARD_NO.NEXTVAL, 172001, 2, 'Audi alteram partem.', 4, '부대찌개', SYSDATE);
INSERT INTO REVIEWBOARD(RNO, MNO, SPOINT, COMMENTS, SCODE, FNAME, REGDATE)
VALUES(REVIEWBOARD_NO.NEXTVAL, 172001, 1, 'Aurum est potestas.', 4, '잔치국수', SYSDATE);
INSERT INTO REVIEWBOARD(RNO, MNO, SPOINT, COMMENTS, SCODE, FNAME, REGDATE)
VALUES(REVIEWBOARD_NO.NEXTVAL, 172001, 2, 'aut caeser, aut nihil ', 4, '치즈불닭', SYSDATE);
INSERT INTO REVIEWBOARD(RNO, MNO, SPOINT, COMMENTS, SCODE, FNAME, REGDATE)
VALUES(REVIEWBOARD_NO.NEXTVAL, 172001, 3, 'Aut inveniam viam aut faciam', 4, '갈비탕', SYSDATE);
INSERT INTO REVIEWBOARD(RNO, MNO, SPOINT, COMMENTS, SCODE, FNAME, REGDATE)
VALUES(REVIEWBOARD_NO.NEXTVAL, 172001, 4, 'autumnus', 4, '닭감자조림', SYSDATE);
INSERT INTO REVIEWBOARD(RNO, MNO, SPOINT, COMMENTS, SCODE, FNAME, REGDATE)
VALUES(REVIEWBOARD_NO.NEXTVAL, 172001, 3, 'ave Yura, gratia plena ', 4, '부대찌개', SYSDATE);
INSERT INTO REVIEWBOARD(RNO, MNO, SPOINT, COMMENTS, SCODE, FNAME, REGDATE)
VALUES(REVIEWBOARD_NO.NEXTVAL, 172001, 2, 'Ave Maria', 4, '잔치국수', SYSDATE);

--172002아침--
INSERT INTO REVIEWBOARD(RNO, MNO, SPOINT, COMMENTS, SCODE, FNAME, REGDATE)
VALUES(REVIEWBOARD_NO.NEXTVAL, 172002, 2, 'Bene qui latuit, Bene vixit', 1, '두부조림', SYSDATE);
INSERT INTO REVIEWBOARD(RNO, MNO, SPOINT, COMMENTS, SCODE, FNAME, REGDATE)
VALUES(REVIEWBOARD_NO.NEXTVAL, 172002, 3, 'Bibamus, moriendum est', 1, '계란말이', SYSDATE);
INSERT INTO REVIEWBOARD(RNO, MNO, SPOINT, COMMENTS, SCODE, FNAME, REGDATE)
VALUES(REVIEWBOARD_NO.NEXTVAL, 172002, 4, 'Bibo Ergo Sum', 1, '메추리알장조림', SYSDATE);
INSERT INTO REVIEWBOARD(RNO, MNO, SPOINT, COMMENTS, SCODE, FNAME, REGDATE)
VALUES(REVIEWBOARD_NO.NEXTVAL, 172002, 5, 'Bis das si cito das', 1, '삼치구이', SYSDATE);
INSERT INTO REVIEWBOARD(RNO, MNO, SPOINT, COMMENTS, SCODE, FNAME, REGDATE)
VALUES(REVIEWBOARD_NO.NEXTVAL, 172002, 2, 'bona indole praeditus', 1, '오징어볶음', SYSDATE);
INSERT INTO REVIEWBOARD(RNO, MNO, SPOINT, COMMENTS, SCODE, FNAME, REGDATE)
VALUES(REVIEWBOARD_NO.NEXTVAL, 172002, 1, 'cantus pro te', 1, '메추리알장조림', SYSDATE);
INSERT INTO REVIEWBOARD(RNO, MNO, SPOINT, COMMENTS, SCODE, FNAME, REGDATE)
VALUES(REVIEWBOARD_NO.NEXTVAL, 172002, 2, 'Clementia tua multas vitas conservat.', 1, '삼치구이', SYSDATE);
INSERT INTO REVIEWBOARD(RNO, MNO, SPOINT, COMMENTS, SCODE, FNAME, REGDATE)
VALUES(REVIEWBOARD_NO.NEXTVAL, 172002, 3, 'Civis Romanus sum', 1, '오징어볶음', SYSDATE);
INSERT INTO REVIEWBOARD(RNO, MNO, SPOINT, COMMENTS, SCODE, FNAME, REGDATE)
VALUES(REVIEWBOARD_NO.NEXTVAL, 172002, 4, 'Credo qvia absurdum', 1, '계란말이', SYSDATE);
INSERT INTO REVIEWBOARD(RNO, MNO, SPOINT, COMMENTS, SCODE, FNAME, REGDATE)
VALUES(REVIEWBOARD_NO.NEXTVAL, 172002, 5, 'Cum vinum intrat, exit sapientia', 1, '두부조림', SYSDATE);
INSERT INTO REVIEWBOARD(RNO, MNO, SPOINT, COMMENTS, SCODE, FNAME, REGDATE)
VALUES(REVIEWBOARD_NO.NEXTVAL, 172002, 2, 'Da veniam puellae.', 1, '오징어볶음', SYSDATE);
INSERT INTO REVIEWBOARD(RNO, MNO, SPOINT, COMMENTS, SCODE, FNAME, REGDATE)
VALUES(REVIEWBOARD_NO.NEXTVAL, 172002, 2, 'Dame un beso para siempre', 1, '메추리알장조림', SYSDATE);
INSERT INTO REVIEWBOARD(RNO, MNO, SPOINT, COMMENTS, SCODE, FNAME, REGDATE)
VALUES(REVIEWBOARD_NO.NEXTVAL, 172002, 1, 'Debemus iram vitare.', 1, '삼치구이', SYSDATE);
INSERT INTO REVIEWBOARD(RNO, MNO, SPOINT, COMMENTS, SCODE, FNAME, REGDATE)
VALUES(REVIEWBOARD_NO.NEXTVAL, 172002, 4, 'Deferto neminem', 1, '삼치구이', SYSDATE);
INSERT INTO REVIEWBOARD(RNO, MNO, SPOINT, COMMENTS, SCODE, FNAME, REGDATE)
VALUES(REVIEWBOARD_NO.NEXTVAL, 172002, 5, 'deus benedicat tibi cunctis diebus.... ', 1, '두부조림', SYSDATE);
INSERT INTO REVIEWBOARD(RNO, MNO, SPOINT, COMMENTS, SCODE, FNAME, REGDATE)
VALUES(REVIEWBOARD_NO.NEXTVAL, 172002, 3, 'Dilige et fac quod vis ', 1, '계란말이', SYSDATE);
INSERT INTO REVIEWBOARD(RNO, MNO, SPOINT, COMMENTS, SCODE, FNAME, REGDATE)
VALUES(REVIEWBOARD_NO.NEXTVAL, 172002, 2, 'dillges proximum tuum', 1, '메추리알장조림', SYSDATE);
INSERT INTO REVIEWBOARD(RNO, MNO, SPOINT, COMMENTS, SCODE, FNAME, REGDATE)
VALUES(REVIEWBOARD_NO.NEXTVAL, 172002, 3, 'Dios defende el justo', 1, '삼치구이', SYSDATE);
INSERT INTO REVIEWBOARD(RNO, MNO, SPOINT, COMMENTS, SCODE, FNAME, REGDATE)
VALUES(REVIEWBOARD_NO.NEXTVAL, 172002, 2, '??Dolce Stil Novo', 1, '오징어볶음', SYSDATE);
INSERT INTO REVIEWBOARD(RNO, MNO, SPOINT, COMMENTS, SCODE, FNAME, REGDATE)
VALUES(REVIEWBOARD_NO.NEXTVAL, 172002, 1, 'Dominus illuminatio mea', 1, '두부조림', SYSDATE);
--일품--
INSERT INTO REVIEWBOARD(RNO, MNO, SPOINT, COMMENTS, SCODE, FNAME, REGDATE)
VALUES(REVIEWBOARD_NO.NEXTVAL, 172002, 3, 'dominus misererur nobis', 2, '카레', SYSDATE);
INSERT INTO REVIEWBOARD(RNO, MNO, SPOINT, COMMENTS, SCODE, FNAME, REGDATE)
VALUES(REVIEWBOARD_NO.NEXTVAL, 172002, 4, 'donecdum vita est, spes est', 2, '메밀소바', SYSDATE);
INSERT INTO REVIEWBOARD(RNO, MNO, SPOINT, COMMENTS, SCODE, FNAME, REGDATE)
VALUES(REVIEWBOARD_NO.NEXTVAL, 172002, 5, 'Dum vita est, spes est', 2, '짬뽕', SYSDATE);
INSERT INTO REVIEWBOARD(RNO, MNO, SPOINT, COMMENTS, SCODE, FNAME, REGDATE)
VALUES(REVIEWBOARD_NO.NEXTVAL, 172002, 2, 'El amor es el poder iniciador de la vida; la pasion posibilita su permanencia	', 2, '돈코츠라멘', SYSDATE);
INSERT INTO REVIEWBOARD(RNO, MNO, SPOINT, COMMENTS, SCODE, FNAME, REGDATE)
VALUES(REVIEWBOARD_NO.NEXTVAL, 172002, 3, 'Errare humanum est', 2, '치즈오븐스파게티', SYSDATE);
INSERT INTO REVIEWBOARD(RNO, MNO, SPOINT, COMMENTS, SCODE, FNAME, REGDATE)
VALUES(REVIEWBOARD_NO.NEXTVAL, 172002, 1, 'es mihi similis frigi umbrae arboris.', 2, '카레', SYSDATE);
INSERT INTO REVIEWBOARD(RNO, MNO, SPOINT, COMMENTS, SCODE, FNAME, REGDATE)
VALUES(REVIEWBOARD_NO.NEXTVAL, 172002, 2, 'Faber est suae quisque fortunae ', 2, '메밀소바', SYSDATE);
INSERT INTO REVIEWBOARD(RNO, MNO, SPOINT, COMMENTS, SCODE, FNAME, REGDATE)
VALUES(REVIEWBOARD_NO.NEXTVAL, 172002, 3, '?Fac Hodie fugit haec non reditura dies', 2, '짬뽕', SYSDATE);
INSERT INTO REVIEWBOARD(RNO, MNO, SPOINT, COMMENTS, SCODE, FNAME, REGDATE)
VALUES(REVIEWBOARD_NO.NEXTVAL, 172002, 4, 'Fata regunt orbem! Certa stan?t omnia lege!', 2, '돈코츠라멘', SYSDATE);
INSERT INTO REVIEWBOARD(RNO, MNO, SPOINT, COMMENTS, SCODE, FNAME, REGDATE)
VALUES(REVIEWBOARD_NO.NEXTVAL, 172002, 5, 'Felix qui potuit rerum cognoscere causas', 2, '치즈오븐스파게티', SYSDATE);
INSERT INTO REVIEWBOARD(RNO, MNO, SPOINT, COMMENTS, SCODE, FNAME, REGDATE)
VALUES(REVIEWBOARD_NO.NEXTVAL, 172002, 3, 'festina lente', 2, '카레', SYSDATE);
INSERT INTO REVIEWBOARD(RNO, MNO, SPOINT, COMMENTS, SCODE, FNAME, REGDATE)
VALUES(REVIEWBOARD_NO.NEXTVAL, 172002, 4, 'Fiat justitia, ruat caelum', 2, '메밀소바', SYSDATE);
INSERT INTO REVIEWBOARD(RNO, MNO, SPOINT, COMMENTS, SCODE, FNAME, REGDATE)
VALUES(REVIEWBOARD_NO.NEXTVAL, 172002, 5, 'Fortuna et pecunia saepe errant, sine philosophia.', 2, '짬뽕', SYSDATE);
INSERT INTO REVIEWBOARD(RNO, MNO, SPOINT, COMMENTS, SCODE, FNAME, REGDATE)
VALUES(REVIEWBOARD_NO.NEXTVAL, 172002, 2, 'Fortuna favet fortibus', 2, '돈코츠라멘', SYSDATE);
INSERT INTO REVIEWBOARD(RNO, MNO, SPOINT, COMMENTS, SCODE, FNAME, REGDATE)
VALUES(REVIEWBOARD_NO.NEXTVAL, 172002, 1, 'Fortuna puellae multae formam dat.', 2, '치즈오븐스파게티', SYSDATE);
INSERT INTO REVIEWBOARD(RNO, MNO, SPOINT, COMMENTS, SCODE, FNAME, REGDATE)
VALUES(REVIEWBOARD_NO.NEXTVAL, 172002, 2, 'fortuna quae nusquam est', 2, '카레', SYSDATE);
INSERT INTO REVIEWBOARD(RNO, MNO, SPOINT, COMMENTS, SCODE, FNAME, REGDATE)
VALUES(REVIEWBOARD_NO.NEXTVAL, 172002, 3, 'fraus rem inclinavit', 2, '메밀소바', SYSDATE);
INSERT INTO REVIEWBOARD(RNO, MNO, SPOINT, COMMENTS, SCODE, FNAME, REGDATE)
VALUES(REVIEWBOARD_NO.NEXTVAL, 172002, 4, 'fructu non foliis arborem aestima', 2, '짬뽕', SYSDATE);
INSERT INTO REVIEWBOARD(RNO, MNO, SPOINT, COMMENTS, SCODE, FNAME, REGDATE)
VALUES(REVIEWBOARD_NO.NEXTVAL, 172002, 5, 'frustra laborat qui omnibus placere studet ', 2, '돈코츠라멘', SYSDATE);
INSERT INTO REVIEWBOARD(RNO, MNO, SPOINT, COMMENTS, SCODE, FNAME, REGDATE)
VALUES(REVIEWBOARD_NO.NEXTVAL, 172002, 2, 'Fuctu non foliis arborem aestima', 2, '치즈오븐스파게티', SYSDATE);
--한식
INSERT INTO REVIEWBOARD(RNO, MNO, SPOINT, COMMENTS, SCODE, FNAME, REGDATE)
VALUES(REVIEWBOARD_NO.NEXTVAL, 172002, 1, 'Gaudeamus, iuvenes dum sumus', 3, '오징어볶음', SYSDATE);
INSERT INTO REVIEWBOARD(RNO, MNO, SPOINT, COMMENTS, SCODE, FNAME, REGDATE)
VALUES(REVIEWBOARD_NO.NEXTVAL, 172002, 2, 'Gloria in excelsis deo.', 3, '연포탕', SYSDATE);
INSERT INTO REVIEWBOARD(RNO, MNO, SPOINT, COMMENTS, SCODE, FNAME, REGDATE)
VALUES(REVIEWBOARD_NO.NEXTVAL, 172002, 3, 'Habe ambitionem et ardorem!', 3, '제육볶음', SYSDATE);
INSERT INTO REVIEWBOARD(RNO, MNO, SPOINT, COMMENTS, SCODE, FNAME, REGDATE)
VALUES(REVIEWBOARD_NO.NEXTVAL, 172002, 4, 'haec omnia is fect ', 3, '백숙', SYSDATE);
INSERT INTO REVIEWBOARD(RNO, MNO, SPOINT, COMMENTS, SCODE, FNAME, REGDATE)
VALUES(REVIEWBOARD_NO.NEXTVAL, 172002, 5, 'Historia Magistra Vitae', 3, '고등어구이', SYSDATE);
INSERT INTO REVIEWBOARD(RNO, MNO, SPOINT, COMMENTS, SCODE, FNAME, REGDATE)
VALUES(REVIEWBOARD_NO.NEXTVAL, 172002, 3, 'Historia scribitur ad narrandum non ad probandum.', 3, '오징어볶음', SYSDATE);
INSERT INTO REVIEWBOARD(RNO, MNO, SPOINT, COMMENTS, SCODE, FNAME, REGDATE)
VALUES(REVIEWBOARD_NO.NEXTVAL, 172002, 2, 'Hodie mihi, cras tibo', 3, '연포탕', SYSDATE);
INSERT INTO REVIEWBOARD(RNO, MNO, SPOINT, COMMENTS, SCODE, FNAME, REGDATE)
VALUES(REVIEWBOARD_NO.NEXTVAL, 172002, 1, 'Homines, dum docent, discunt', 3, '제육볶음', SYSDATE);
INSERT INTO REVIEWBOARD(RNO, MNO, SPOINT, COMMENTS, SCODE, FNAME, REGDATE)
VALUES(REVIEWBOARD_NO.NEXTVAL, 172002, 2, 'Homo sum, humani nil a me alienum puto', 3, '백숙', SYSDATE);
INSERT INTO REVIEWBOARD(RNO, MNO, SPOINT, COMMENTS, SCODE, FNAME, REGDATE)
VALUES(REVIEWBOARD_NO.NEXTVAL, 172002, 3, 'Homo sum, humani nil a me alienum puto', 3, '고등어구이', SYSDATE);
INSERT INTO REVIEWBOARD(RNO, MNO, SPOINT, COMMENTS, SCODE, FNAME, REGDATE)
VALUES(REVIEWBOARD_NO.NEXTVAL, 172002, 4, 'Iacta alea est(The die is cast)', 3, '오징어볶음', SYSDATE);
INSERT INTO REVIEWBOARD(RNO, MNO, SPOINT, COMMENTS, SCODE, FNAME, REGDATE)
VALUES(REVIEWBOARD_NO.NEXTVAL, 172002, 2, 'idea quae nusquam est', 3, '연포탕', SYSDATE);
INSERT INTO REVIEWBOARD(RNO, MNO, SPOINT, COMMENTS, SCODE, FNAME, REGDATE)
VALUES(REVIEWBOARD_NO.NEXTVAL, 172002, 1, 'Idem est scire aut scire debere aut potuisse.', 3, '제육볶음', SYSDATE);
INSERT INTO REVIEWBOARD(RNO, MNO, SPOINT, COMMENTS, SCODE, FNAME, REGDATE)
VALUES(REVIEWBOARD_NO.NEXTVAL, 172002, 3, 'Ignoramus et ignorabimus. ', 3, '백숙', SYSDATE);
INSERT INTO REVIEWBOARD(RNO, MNO, SPOINT, COMMENTS, SCODE, FNAME, REGDATE)
VALUES(REVIEWBOARD_NO.NEXTVAL, 172002, 4, 'Immodica ira creat insaniam.', 3, '고등어구이', SYSDATE);
INSERT INTO REVIEWBOARD(RNO, MNO, SPOINT, COMMENTS, SCODE, FNAME, REGDATE)
VALUES(REVIEWBOARD_NO.NEXTVAL, 172002, 2, 'Imperaturus omnibus eligi debet ex omnibus ', 3, '오징어볶음', SYSDATE);
INSERT INTO REVIEWBOARD(RNO, MNO, SPOINT, COMMENTS, SCODE, FNAME, REGDATE)
VALUES(REVIEWBOARD_NO.NEXTVAL, 172002, 1, 'In deo speramus', 3, '연포탕', SYSDATE);
INSERT INTO REVIEWBOARD(RNO, MNO, SPOINT, COMMENTS, SCODE, FNAME, REGDATE)
VALUES(REVIEWBOARD_NO.NEXTVAL, 172002, 2, '?In nomine Patris, et Filii, et Spiritus Sancti', 3, '제육볶음', SYSDATE);
INSERT INTO REVIEWBOARD(RNO, MNO, SPOINT, COMMENTS, SCODE, FNAME, REGDATE)
VALUES(REVIEWBOARD_NO.NEXTVAL, 172002, 3, 'in omne re vincit imitationem! ', 3, '백숙', SYSDATE);
INSERT INTO REVIEWBOARD(RNO, MNO, SPOINT, COMMENTS, SCODE, FNAME, REGDATE)
VALUES(REVIEWBOARD_NO.NEXTVAL, 172002, 4, 'In omnibus requiem quaesivi, et nusquam inveni nisi in angulo com libro ', 3, '고등어구이', SYSDATE);
--저녁--
INSERT INTO REVIEWBOARD(RNO, MNO, SPOINT, COMMENTS, SCODE, FNAME, REGDATE)
VALUES(REVIEWBOARD_NO.NEXTVAL, 172002, 5, 'in remissionem peccatorum', 4, '치즈불닭', SYSDATE);
INSERT INTO REVIEWBOARD(RNO, MNO, SPOINT, COMMENTS, SCODE, FNAME, REGDATE)
VALUES(REVIEWBOARD_NO.NEXTVAL, 172002, 3, 'In vino veritas', 4, '갈비탕', SYSDATE);
INSERT INTO REVIEWBOARD(RNO, MNO, SPOINT, COMMENTS, SCODE, FNAME, REGDATE)
VALUES(REVIEWBOARD_NO.NEXTVAL, 172002, 2, 'Insanum qui me dicet, totidiem audiet', 4, '닭감자조림', SYSDATE);
INSERT INTO REVIEWBOARD(RNO, MNO, SPOINT, COMMENTS, SCODE, FNAME, REGDATE)
VALUES(REVIEWBOARD_NO.NEXTVAL, 172002, 3, 'insignis tota cantabitur urbe', 4, '부대찌개', SYSDATE);
INSERT INTO REVIEWBOARD(RNO, MNO, SPOINT, COMMENTS, SCODE, FNAME, REGDATE)
VALUES(REVIEWBOARD_NO.NEXTVAL, 172002, 4, 'insolati dies', 4, '잔치국수', SYSDATE);
INSERT INTO REVIEWBOARD(RNO, MNO, SPOINT, COMMENTS, SCODE, FNAME, REGDATE)
VALUES(REVIEWBOARD_NO.NEXTVAL, 172002, 3, 'instructio sexualis', 4, '치즈불닭', SYSDATE);
INSERT INTO REVIEWBOARD(RNO, MNO, SPOINT, COMMENTS, SCODE, FNAME, REGDATE)
VALUES(REVIEWBOARD_NO.NEXTVAL, 172002, 2, 'inter alias praestitimus pulchritudine', 4, '갈비탕', SYSDATE);
INSERT INTO REVIEWBOARD(RNO, MNO, SPOINT, COMMENTS, SCODE, FNAME, REGDATE)
VALUES(REVIEWBOARD_NO.NEXTVAL, 172002, 1, 'Inveniet viam aut faciet ', 4, '닭감자조림', SYSDATE);
INSERT INTO REVIEWBOARD(RNO, MNO, SPOINT, COMMENTS, SCODE, FNAME, REGDATE)
VALUES(REVIEWBOARD_NO.NEXTVAL, 172002, 2, 'Ira brevis furor est', 4, '부대찌개', SYSDATE);
INSERT INTO REVIEWBOARD(RNO, MNO, SPOINT, COMMENTS, SCODE, FNAME, REGDATE)
VALUES(REVIEWBOARD_NO.NEXTVAL, 172002, 3, 'Ira impatens sui est, decoris oblita, necessitudinum immemor', 4, '잔치국수', SYSDATE);
INSERT INTO REVIEWBOARD(RNO, MNO, SPOINT, COMMENTS, SCODE, FNAME, REGDATE)
VALUES(REVIEWBOARD_NO.NEXTVAL, 172002, 4, 'Iram qui vincit, hostem syperat maximum', 4, '치즈불닭', SYSDATE);
INSERT INTO REVIEWBOARD(RNO, MNO, SPOINT, COMMENTS, SCODE, FNAME, REGDATE)
VALUES(REVIEWBOARD_NO.NEXTVAL, 172002, 5, 'Ita sic me dii ament! Dii te ament!', 4, '갈비탕', SYSDATE);
INSERT INTO REVIEWBOARD(RNO, MNO, SPOINT, COMMENTS, SCODE, FNAME, REGDATE)
VALUES(REVIEWBOARD_NO.NEXTVAL, 172002, 2, 'Justitia regnorum fundamentum. ', 4, '닭감자조림', SYSDATE);
INSERT INTO REVIEWBOARD(RNO, MNO, SPOINT, COMMENTS, SCODE, FNAME, REGDATE)
VALUES(REVIEWBOARD_NO.NEXTVAL, 172002, 3, 'La vida preciosa que se me ha dado.', 4, '부대찌개', SYSDATE);
INSERT INTO REVIEWBOARD(RNO, MNO, SPOINT, COMMENTS, SCODE, FNAME, REGDATE)
VALUES(REVIEWBOARD_NO.NEXTVAL, 172002, 2, 'La verdad vencera', 4, '잔치국수', SYSDATE);
INSERT INTO REVIEWBOARD(RNO, MNO, SPOINT, COMMENTS, SCODE, FNAME, REGDATE)
VALUES(REVIEWBOARD_NO.NEXTVAL, 172002, 2, 'Laudas me; culpant me', 4, '치즈불닭', SYSDATE);
INSERT INTO REVIEWBOARD(RNO, MNO, SPOINT, COMMENTS, SCODE, FNAME, REGDATE)
VALUES(REVIEWBOARD_NO.NEXTVAL, 172002, 1, 'Leges sine moribus vanae ', 4, '갈비탕', SYSDATE);
INSERT INTO REVIEWBOARD(RNO, MNO, SPOINT, COMMENTS, SCODE, FNAME, REGDATE)
VALUES(REVIEWBOARD_NO.NEXTVAL, 172002, 4, 'Letum non omnia finit 	', 4, '닭감자조림', SYSDATE);
INSERT INTO REVIEWBOARD(RNO, MNO, SPOINT, COMMENTS, SCODE, FNAME, REGDATE)
VALUES(REVIEWBOARD_NO.NEXTVAL, 172002, 2, 'Liber ad studium necessarius', 4, '부대찌개', SYSDATE);
INSERT INTO REVIEWBOARD(RNO, MNO, SPOINT, COMMENTS, SCODE, FNAME, REGDATE)
VALUES(REVIEWBOARD_NO.NEXTVAL, 172002, 3, 'Lumen Gentium', 4, '잔치국수', SYSDATE);
--172003아침--
INSERT INTO REVIEWBOARD(RNO, MNO, SPOINT, COMMENTS, SCODE, FNAME, REGDATE)
VALUES(REVIEWBOARD_NO.NEXTVAL, 172003, 4, 'Lupus pilum mutat, non mentem', 1, '두부조림', SYSDATE);
INSERT INTO REVIEWBOARD(RNO, MNO, SPOINT, COMMENTS, SCODE, FNAME, REGDATE)
VALUES(REVIEWBOARD_NO.NEXTVAL, 172003, 5, 'Maecenas et Vergilius me laudant', 1, '계란말이', SYSDATE);
INSERT INTO REVIEWBOARD(RNO, MNO, SPOINT, COMMENTS, SCODE, FNAME, REGDATE)
VALUES(REVIEWBOARD_NO.NEXTVAL, 172003, 2, 'magnum est vectigal parsimonia', 1, '메추리알장조림', SYSDATE);
INSERT INTO REVIEWBOARD(RNO, MNO, SPOINT, COMMENTS, SCODE, FNAME, REGDATE)
VALUES(REVIEWBOARD_NO.NEXTVAL, 172003, 3, 'Manus manum lavat', 1, '삼치구이', SYSDATE);
INSERT INTO REVIEWBOARD(RNO, MNO, SPOINT, COMMENTS, SCODE, FNAME, REGDATE)
VALUES(REVIEWBOARD_NO.NEXTVAL, 172003, 4, 'Mater artium necessitas', 1, '오징어볶음', SYSDATE);
INSERT INTO REVIEWBOARD(RNO, MNO, SPOINT, COMMENTS, SCODE, FNAME, REGDATE)
VALUES(REVIEWBOARD_NO.NEXTVAL, 172003, 2, 'Medicus curat, natura sanat', 1, '메추리알장조림', SYSDATE);
INSERT INTO REVIEWBOARD(RNO, MNO, SPOINT, COMMENTS, SCODE, FNAME, REGDATE)
VALUES(REVIEWBOARD_NO.NEXTVAL, 172003, 1, 'Mens sana in corpore sana ', 1, '삼치구이', SYSDATE);
INSERT INTO REVIEWBOARD(RNO, MNO, SPOINT, COMMENTS, SCODE, FNAME, REGDATE)
VALUES(REVIEWBOARD_NO.NEXTVAL, 172003, 5, 'Mors innotescit repedante latrone per horas', 1, '오징어볶음', SYSDATE);
INSERT INTO REVIEWBOARD(RNO, MNO, SPOINT, COMMENTS, SCODE, FNAME, REGDATE)
VALUES(REVIEWBOARD_NO.NEXTVAL, 172003, 3, 'Mortuo leoni et lepores insultant', 1, '계란말이', SYSDATE);
INSERT INTO REVIEWBOARD(RNO, MNO, SPOINT, COMMENTS, SCODE, FNAME, REGDATE)
VALUES(REVIEWBOARD_NO.NEXTVAL, 172003, 2, 'multa fidem promissa levant', 1, '두부조림', SYSDATE);
INSERT INTO REVIEWBOARD(RNO, MNO, SPOINT, COMMENTS, SCODE, FNAME, REGDATE)
VALUES(REVIEWBOARD_NO.NEXTVAL, 172003, 4, 'Multam pecuniam deportat.', 1, '오징어볶음', SYSDATE);
INSERT INTO REVIEWBOARD(RNO, MNO, SPOINT, COMMENTS, SCODE, FNAME, REGDATE)
VALUES(REVIEWBOARD_NO.NEXTVAL, 172003, 2, 'Multi multa, nemo omnia novit', 1, '메추리알장조림', SYSDATE);
INSERT INTO REVIEWBOARD(RNO, MNO, SPOINT, COMMENTS, SCODE, FNAME, REGDATE)
VALUES(REVIEWBOARD_NO.NEXTVAL, 172003, 5, 'Mundus vult decipi, ergo decipiatur.', 1, '삼치구이', SYSDATE);
INSERT INTO REVIEWBOARD(RNO, MNO, SPOINT, COMMENTS, SCODE, FNAME, REGDATE)
VALUES(REVIEWBOARD_NO.NEXTVAL, 172003, 3, 'Nausi lucratur, ausus cui nil famulatur.', 1, '삼치구이', SYSDATE);
INSERT INTO REVIEWBOARD(RNO, MNO, SPOINT, COMMENTS, SCODE, FNAME, REGDATE)
VALUES(REVIEWBOARD_NO.NEXTVAL, 172003, 2, 'Ne quid nimis', 1, '두부조림', SYSDATE);
INSERT INTO REVIEWBOARD(RNO, MNO, SPOINT, COMMENTS, SCODE, FNAME, REGDATE)
VALUES(REVIEWBOARD_NO.NEXTVAL, 172003, 5, 'Nec spe, nec metu.', 1, '계란말이', SYSDATE);
INSERT INTO REVIEWBOARD(RNO, MNO, SPOINT, COMMENTS, SCODE, FNAME, REGDATE)
VALUES(REVIEWBOARD_NO.NEXTVAL, 172003, 1, 'Nemo iudex in causa sua.', 1, '메추리알장조림', SYSDATE);
INSERT INTO REVIEWBOARD(RNO, MNO, SPOINT, COMMENTS, SCODE, FNAME, REGDATE)
VALUES(REVIEWBOARD_NO.NEXTVAL, 172003, 4, 'Nil desperandum', 1, '삼치구이', SYSDATE);
INSERT INTO REVIEWBOARD(RNO, MNO, SPOINT, COMMENTS, SCODE, FNAME, REGDATE)
VALUES(REVIEWBOARD_NO.NEXTVAL, 172003, 3, 'Nil sine magno vita labore dedit mortalibus ', 1, '오징어볶음', SYSDATE);
INSERT INTO REVIEWBOARD(RNO, MNO, SPOINT, COMMENTS, SCODE, FNAME, REGDATE)
VALUES(REVIEWBOARD_NO.NEXTVAL, 172003, 5, 'Noli metuere, una tecum bona mala tolerabimus', 1, '두부조림', SYSDATE);
--일품--
INSERT INTO REVIEWBOARD(RNO, MNO, SPOINT, COMMENTS, SCODE, FNAME, REGDATE)
VALUES(REVIEWBOARD_NO.NEXTVAL, 172003, 3, 'noli turbare circulus meo!', 2, '카레', SYSDATE);
INSERT INTO REVIEWBOARD(RNO, MNO, SPOINT, COMMENTS, SCODE, FNAME, REGDATE)
VALUES(REVIEWBOARD_NO.NEXTVAL, 172003, 5, 'Think like a man of action and act like man of thought.', 2, '메밀소바', SYSDATE);
INSERT INTO REVIEWBOARD(RNO, MNO, SPOINT, COMMENTS, SCODE, FNAME, REGDATE)
VALUES(REVIEWBOARD_NO.NEXTVAL, 172003, 2, 'Courage is very important. Like a muscle, it is strengthened by use.', 2, '짬뽕', SYSDATE);
INSERT INTO REVIEWBOARD(RNO, MNO, SPOINT, COMMENTS, SCODE, FNAME, REGDATE)
VALUES(REVIEWBOARD_NO.NEXTVAL, 172003, 1, 'Life is the art of drawing sufficient conclusions from insufficient premises.', 2, '돈코츠라멘', SYSDATE);
INSERT INTO REVIEWBOARD(RNO, MNO, SPOINT, COMMENTS, SCODE, FNAME, REGDATE)
VALUES(REVIEWBOARD_NO.NEXTVAL, 172003, 2, 'By doubting we come at the truth.', 2, '치즈오븐스파게티', SYSDATE);
INSERT INTO REVIEWBOARD(RNO, MNO, SPOINT, COMMENTS, SCODE, FNAME, REGDATE)
VALUES(REVIEWBOARD_NO.NEXTVAL, 172003, 5, 'A man that hath no virtue in himself, ever envieth virtue in others.', 2, '카레', SYSDATE);
INSERT INTO REVIEWBOARD(RNO, MNO, SPOINT, COMMENTS, SCODE, FNAME, REGDATE)
VALUES(REVIEWBOARD_NO.NEXTVAL, 172003, 3, 'When money speaks, the truth keeps silent.', 2, '메밀소바', SYSDATE);
INSERT INTO REVIEWBOARD(RNO, MNO, SPOINT, COMMENTS, SCODE, FNAME, REGDATE)
VALUES(REVIEWBOARD_NO.NEXTVAL, 172003, 2, 'Better the last smile than the first laughter.', 2, '짬뽕', SYSDATE);
INSERT INTO REVIEWBOARD(RNO, MNO, SPOINT, COMMENTS, SCODE, FNAME, REGDATE)
VALUES(REVIEWBOARD_NO.NEXTVAL, 172003, 3, 'In the morning of life, work; in the midday, give counsel; in the evening, pray.', 2, '돈코츠라멘', SYSDATE);
INSERT INTO REVIEWBOARD(RNO, MNO, SPOINT, COMMENTS, SCODE, FNAME, REGDATE)
VALUES(REVIEWBOARD_NO.NEXTVAL, 172003, 1, 'Painless poverty is better than embittered wealth.', 2, '치즈오븐스파게티', SYSDATE);
INSERT INTO REVIEWBOARD(RNO, MNO, SPOINT, COMMENTS, SCODE, FNAME, REGDATE)
VALUES(REVIEWBOARD_NO.NEXTVAL, 172003, 2, 'A poet is the painter of the soul.', 2, '카레', SYSDATE);
INSERT INTO REVIEWBOARD(RNO, MNO, SPOINT, COMMENTS, SCODE, FNAME, REGDATE)
VALUES(REVIEWBOARD_NO.NEXTVAL, 172003, 3, 'Error is the discipline through which we advance.', 2, '메밀소바', SYSDATE);
INSERT INTO REVIEWBOARD(RNO, MNO, SPOINT, COMMENTS, SCODE, FNAME, REGDATE)
VALUES(REVIEWBOARD_NO.NEXTVAL, 172003, 4, 'Faith without deeds is useless.', 2, '짬뽕', SYSDATE);
INSERT INTO REVIEWBOARD(RNO, MNO, SPOINT, COMMENTS, SCODE, FNAME, REGDATE)
VALUES(REVIEWBOARD_NO.NEXTVAL, 172003, 5, 'Weak things united become strong.', 2, '돈코츠라멘', SYSDATE);
INSERT INTO REVIEWBOARD(RNO, MNO, SPOINT, COMMENTS, SCODE, FNAME, REGDATE)
VALUES(REVIEWBOARD_NO.NEXTVAL, 172003, 3, 'We give advice, but we cannot give conduct.', 2, '치즈오븐스파게티', SYSDATE);
INSERT INTO REVIEWBOARD(RNO, MNO, SPOINT, COMMENTS, SCODE, FNAME, REGDATE)
VALUES(REVIEWBOARD_NO.NEXTVAL, 172003, 2, 'Nature never deceives us; it is always we who deceive ourselves.', 2, '카레', SYSDATE);
INSERT INTO REVIEWBOARD(RNO, MNO, SPOINT, COMMENTS, SCODE, FNAME, REGDATE)
VALUES(REVIEWBOARD_NO.NEXTVAL, 172003, 1, 'Forgiveness is better than revenge.', 2, '메밀소바', SYSDATE);
INSERT INTO REVIEWBOARD(RNO, MNO, SPOINT, COMMENTS, SCODE, FNAME, REGDATE)
VALUES(REVIEWBOARD_NO.NEXTVAL, 172003, 4, 'We never know the worth of water till the well is dry.', 2, '짬뽕', SYSDATE);
INSERT INTO REVIEWBOARD(RNO, MNO, SPOINT, COMMENTS, SCODE, FNAME, REGDATE)
VALUES(REVIEWBOARD_NO.NEXTVAL, 172003, 2, 'Pain past is pleasure.', 2, '돈코츠라멘', SYSDATE);
INSERT INTO REVIEWBOARD(RNO, MNO, SPOINT, COMMENTS, SCODE, FNAME, REGDATE)
VALUES(REVIEWBOARD_NO.NEXTVAL, 172003, 3, 'Pain past is pleasure.', 2, '치즈오븐스파게티', SYSDATE);
--한식
INSERT INTO REVIEWBOARD(RNO, MNO, SPOINT, COMMENTS, SCODE, FNAME, REGDATE)
VALUES(REVIEWBOARD_NO.NEXTVAL, 172003, 4, 'Who begins too much accomplishes little.', 3, '오징어볶음', SYSDATE);
INSERT INTO REVIEWBOARD(RNO, MNO, SPOINT, COMMENTS, SCODE, FNAME, REGDATE)
VALUES(REVIEWBOARD_NO.NEXTVAL, 172003, 5, 'Better the last smile than the first laughter.', 3, '연포탕', SYSDATE);
INSERT INTO REVIEWBOARD(RNO, MNO, SPOINT, COMMENTS, SCODE, FNAME, REGDATE)
VALUES(REVIEWBOARD_NO.NEXTVAL, 172003, 3, 'Faith is a higher faculty than reason', 3, '제육볶음', SYSDATE);
INSERT INTO REVIEWBOARD(RNO, MNO, SPOINT, COMMENTS, SCODE, FNAME, REGDATE)
VALUES(REVIEWBOARD_NO.NEXTVAL, 172003, 2, 'Until the day of his death, no man can be sure of his courage.', 3, '백숙', SYSDATE);
INSERT INTO REVIEWBOARD(RNO, MNO, SPOINT, COMMENTS, SCODE, FNAME, REGDATE)
VALUES(REVIEWBOARD_NO.NEXTVAL, 172003, 1, 'Great art is an instant arrested in eternity.', 3, '고등어구이', SYSDATE);
INSERT INTO REVIEWBOARD(RNO, MNO, SPOINT, COMMENTS, SCODE, FNAME, REGDATE)
VALUES(REVIEWBOARD_NO.NEXTVAL, 172003, 2, 'Faith without deeds is useless.', 3, '오징어볶음', SYSDATE);
INSERT INTO REVIEWBOARD(RNO, MNO, SPOINT, COMMENTS, SCODE, FNAME, REGDATE)
VALUES(REVIEWBOARD_NO.NEXTVAL, 172003, 4, 'The world is a beautiful book, but of little use to him who cannot read it.', 3, '연포탕', SYSDATE);
INSERT INTO REVIEWBOARD(RNO, MNO, SPOINT, COMMENTS, SCODE, FNAME, REGDATE)
VALUES(REVIEWBOARD_NO.NEXTVAL, 172003, 3, 'Heaven gives its favourites-early death.', 3, '제육볶음', SYSDATE);
INSERT INTO REVIEWBOARD(RNO, MNO, SPOINT, COMMENTS, SCODE, FNAME, REGDATE)
VALUES(REVIEWBOARD_NO.NEXTVAL, 172003, 2, 'I never think of the future. It comes soon enough.', 3, '백숙', SYSDATE);
INSERT INTO REVIEWBOARD(RNO, MNO, SPOINT, COMMENTS, SCODE, FNAME, REGDATE)
VALUES(REVIEWBOARD_NO.NEXTVAL, 172003, 4, 'Suspicion follows close on mistrust.', 3, '고등어구이', SYSDATE);
INSERT INTO REVIEWBOARD(RNO, MNO, SPOINT, COMMENTS, SCODE, FNAME, REGDATE)
VALUES(REVIEWBOARD_NO.NEXTVAL, 172003, 3, 'He who spares the rod hates his son, but he who loves him is careful to discipline him.', 3, '오징어볶음', SYSDATE);
INSERT INTO REVIEWBOARD(RNO, MNO, SPOINT, COMMENTS, SCODE, FNAME, REGDATE)
VALUES(REVIEWBOARD_NO.NEXTVAL, 172003, 2, 'All good things which exist are the fruits of originality.', 3, '연포탕', SYSDATE);
INSERT INTO REVIEWBOARD(RNO, MNO, SPOINT, COMMENTS, SCODE, FNAME, REGDATE)
VALUES(REVIEWBOARD_NO.NEXTVAL, 172003, 5, 'The will of a man is his happiness.', 3, '제육볶음', SYSDATE);
INSERT INTO REVIEWBOARD(RNO, MNO, SPOINT, COMMENTS, SCODE, FNAME, REGDATE)
VALUES(REVIEWBOARD_NO.NEXTVAL, 172003, 2, 'The will of a man is his happiness.', 3, '백숙', SYSDATE);
INSERT INTO REVIEWBOARD(RNO, MNO, SPOINT, COMMENTS, SCODE, FNAME, REGDATE)
VALUES(REVIEWBOARD_NO.NEXTVAL, 172003, 1, 'Weak things united become strong.', 3, '고등어구이', SYSDATE);
INSERT INTO REVIEWBOARD(RNO, MNO, SPOINT, COMMENTS, SCODE, FNAME, REGDATE)
VALUES(REVIEWBOARD_NO.NEXTVAL, 172003, 2, 'A minute’s success pays the failure of years.', 3, '오징어볶음', SYSDATE);
INSERT INTO REVIEWBOARD(RNO, MNO, SPOINT, COMMENTS, SCODE, FNAME, REGDATE)
VALUES(REVIEWBOARD_NO.NEXTVAL, 172003, 3, 'United we stand, divided we fall.', 3, '연포탕', SYSDATE);
INSERT INTO REVIEWBOARD(RNO, MNO, SPOINT, COMMENTS, SCODE, FNAME, REGDATE)
VALUES(REVIEWBOARD_NO.NEXTVAL, 172003, 4, 'To doubt is safer than to be secure.', 3, '제육볶음', SYSDATE);
INSERT INTO REVIEWBOARD(RNO, MNO, SPOINT, COMMENTS, SCODE, FNAME, REGDATE)
VALUES(REVIEWBOARD_NO.NEXTVAL, 172003, 3, 'Time is but the stream I go a-fishing in.', 3, '백숙', SYSDATE);
INSERT INTO REVIEWBOARD(RNO, MNO, SPOINT, COMMENTS, SCODE, FNAME, REGDATE)
VALUES(REVIEWBOARD_NO.NEXTVAL, 172003, 2, 'A full belly is the mother of all evil.', 3, '고등어구이', SYSDATE);
--저녁--
INSERT INTO REVIEWBOARD(RNO, MNO, SPOINT, COMMENTS, SCODE, FNAME, REGDATE)
VALUES(REVIEWBOARD_NO.NEXTVAL, 172003, 3, 'Love your neighbor as yourself.', 4, '치즈불닭', SYSDATE);
INSERT INTO REVIEWBOARD(RNO, MNO, SPOINT, COMMENTS, SCODE, FNAME, REGDATE)
VALUES(REVIEWBOARD_NO.NEXTVAL, 172003, 1, 'It is a wise father that knows his own child.', 4, '갈비탕', SYSDATE);
INSERT INTO REVIEWBOARD(RNO, MNO, SPOINT, COMMENTS, SCODE, FNAME, REGDATE)
VALUES(REVIEWBOARD_NO.NEXTVAL, 172003, 2, 'By doubting we come at the truth.', 4, '닭감자조림', SYSDATE);
INSERT INTO REVIEWBOARD(RNO, MNO, SPOINT, COMMENTS, SCODE, FNAME, REGDATE)
VALUES(REVIEWBOARD_NO.NEXTVAL, 172003, 4, 'Absence makes the heart grow fonder.', 4, '부대찌개', SYSDATE);
INSERT INTO REVIEWBOARD(RNO, MNO, SPOINT, COMMENTS, SCODE, FNAME, REGDATE)
VALUES(REVIEWBOARD_NO.NEXTVAL, 172003, 3, 'Habit is second nature.', 4, '잔치국수', SYSDATE);
INSERT INTO REVIEWBOARD(RNO, MNO, SPOINT, COMMENTS, SCODE, FNAME, REGDATE)
VALUES(REVIEWBOARD_NO.NEXTVAL, 172003, 5, 'Who knows much believes the less.', 4, '치즈불닭', SYSDATE);
INSERT INTO REVIEWBOARD(RNO, MNO, SPOINT, COMMENTS, SCODE, FNAME, REGDATE)
VALUES(REVIEWBOARD_NO.NEXTVAL, 172003, 2, 'Only the just man enjoys peace of mind.', 4, '갈비탕', SYSDATE);
INSERT INTO REVIEWBOARD(RNO, MNO, SPOINT, COMMENTS, SCODE, FNAME, REGDATE)
VALUES(REVIEWBOARD_NO.NEXTVAL, 172003, 1, 'Waste not fresh tears over old griefs.', 4, '닭감자조림', SYSDATE);
INSERT INTO REVIEWBOARD(RNO, MNO, SPOINT, COMMENTS, SCODE, FNAME, REGDATE)
VALUES(REVIEWBOARD_NO.NEXTVAL, 172003, 3, 'Life itself is a quotation.', 4, '부대찌개', SYSDATE);
INSERT INTO REVIEWBOARD(RNO, MNO, SPOINT, COMMENTS, SCODE, FNAME, REGDATE)
VALUES(REVIEWBOARD_NO.NEXTVAL, 172003, 2, 'He is greatest who is most often in men’s good thoughts.', 4, '잔치국수', SYSDATE);
INSERT INTO REVIEWBOARD(RNO, MNO, SPOINT, COMMENTS, SCODE, FNAME, REGDATE)
VALUES(REVIEWBOARD_NO.NEXTVAL, 172003, 5, 'Envy and wrath shorten the life.', 4, '치즈불닭', SYSDATE);
INSERT INTO REVIEWBOARD(RNO, MNO, SPOINT, COMMENTS, SCODE, FNAME, REGDATE)
VALUES(REVIEWBOARD_NO.NEXTVAL, 172003, 3, 'Where there is no desire, there will be no industry.', 4, '갈비탕', SYSDATE);
INSERT INTO REVIEWBOARD(RNO, MNO, SPOINT, COMMENTS, SCODE, FNAME, REGDATE)
VALUES(REVIEWBOARD_NO.NEXTVAL, 172003, 2, 'To be trusted is a greater compliment than to be loved.', 4, '닭감자조림', SYSDATE);
INSERT INTO REVIEWBOARD(RNO, MNO, SPOINT, COMMENTS, SCODE, FNAME, REGDATE)
VALUES(REVIEWBOARD_NO.NEXTVAL, 172003, 1, 'Education is the best provision for old age.', 4, '부대찌개', SYSDATE);
INSERT INTO REVIEWBOARD(RNO, MNO, SPOINT, COMMENTS, SCODE, FNAME, REGDATE)
VALUES(REVIEWBOARD_NO.NEXTVAL, 172003, 3, 'To jaw-jaw is better than to war-war.', 4, '잔치국수', SYSDATE);
INSERT INTO REVIEWBOARD(RNO, MNO, SPOINT, COMMENTS, SCODE, FNAME, REGDATE)
VALUES(REVIEWBOARD_NO.NEXTVAL, 172003, 2, 'Music is a beautiful opiate, if you don’t take it too seriously.', 4, '치즈불닭', SYSDATE);
INSERT INTO REVIEWBOARD(RNO, MNO, SPOINT, COMMENTS, SCODE, FNAME, REGDATE)
VALUES(REVIEWBOARD_NO.NEXTVAL, 172003, 5, 'Appearances are deceptive.', 4, '갈비탕', SYSDATE);
INSERT INTO REVIEWBOARD(RNO, MNO, SPOINT, COMMENTS, SCODE, FNAME, REGDATE)
VALUES(REVIEWBOARD_NO.NEXTVAL, 172003, 3, 'Let thy speech be short, comprehending much in few words.', 4, '닭감자조림', SYSDATE);
INSERT INTO REVIEWBOARD(RNO, MNO, SPOINT, COMMENTS, SCODE, FNAME, REGDATE)
VALUES(REVIEWBOARD_NO.NEXTVAL, 172003, 2, 'Things are always at their best in the beginning.', 4, '부대찌개', SYSDATE);
INSERT INTO REVIEWBOARD(RNO, MNO, SPOINT, COMMENTS, SCODE, FNAME, REGDATE)
VALUES(REVIEWBOARD_NO.NEXTVAL, 172003, 5, 'A gift in season is a double favor to the needy.', 4, '잔치국수', SYSDATE);
--172004아침--
INSERT INTO REVIEWBOARD(RNO, MNO, SPOINT, COMMENTS, SCODE, FNAME, REGDATE)
VALUES(REVIEWBOARD_NO.NEXTVAL, 172004, 3, 'In giving advice, seek to help, not to please, your friend.', 1, '두부조림', SYSDATE);
INSERT INTO REVIEWBOARD(RNO, MNO, SPOINT, COMMENTS, SCODE, FNAME, REGDATE)
VALUES(REVIEWBOARD_NO.NEXTVAL, 172004, 2, 'The difficulty in life is the choice.', 1, '계란말이', SYSDATE);
INSERT INTO REVIEWBOARD(RNO, MNO, SPOINT, COMMENTS, SCODE, FNAME, REGDATE)
VALUES(REVIEWBOARD_NO.NEXTVAL, 172004, 1, 'The most beautiful thing in the world is, of course, the world itself.', 1, '메추리알장조림', SYSDATE);
INSERT INTO REVIEWBOARD(RNO, MNO, SPOINT, COMMENTS, SCODE, FNAME, REGDATE)
VALUES(REVIEWBOARD_NO.NEXTVAL, 172004, 2, 'All fortune is to be conquered by bearing it.', 1, '삼치구이', SYSDATE);
INSERT INTO REVIEWBOARD(RNO, MNO, SPOINT, COMMENTS, SCODE, FNAME, REGDATE)
VALUES(REVIEWBOARD_NO.NEXTVAL, 172004, 3, 'Better is to bow than break.', 1, '오징어볶음', SYSDATE);
INSERT INTO REVIEWBOARD(RNO, MNO, SPOINT, COMMENTS, SCODE, FNAME, REGDATE)
VALUES(REVIEWBOARD_NO.NEXTVAL, 172004, 4, 'Good fences makes good neighbors.', 1, '메추리알장조림', SYSDATE);
INSERT INTO REVIEWBOARD(RNO, MNO, SPOINT, COMMENTS, SCODE, FNAME, REGDATE)
VALUES(REVIEWBOARD_NO.NEXTVAL, 172004, 3, 'Give me liberty, or give me death.', 1, '삼치구이', SYSDATE);
INSERT INTO REVIEWBOARD(RNO, MNO, SPOINT, COMMENTS, SCODE, FNAME, REGDATE)
VALUES(REVIEWBOARD_NO.NEXTVAL, 172004, 5, 'Tempus edax rerum ', 1, '오징어볶음', SYSDATE);
INSERT INTO REVIEWBOARD(RNO, MNO, SPOINT, COMMENTS, SCODE, FNAME, REGDATE)
VALUES(REVIEWBOARD_NO.NEXTVAL, 172004, 3, 'Mors innotescit repedante latrone per horas.', 1, '계란말이', SYSDATE);
INSERT INTO REVIEWBOARD(RNO, MNO, SPOINT, COMMENTS, SCODE, FNAME, REGDATE)
VALUES(REVIEWBOARD_NO.NEXTVAL, 172004, 3, 'amicus ad adras', 1, '두부조림', SYSDATE);
INSERT INTO REVIEWBOARD(RNO, MNO, SPOINT, COMMENTS, SCODE, FNAME, REGDATE)
VALUES(REVIEWBOARD_NO.NEXTVAL, 172004, 2, 'Gaudeamus, iuvenes dum sumus', 1, '오징어볶음', SYSDATE);
INSERT INTO REVIEWBOARD(RNO, MNO, SPOINT, COMMENTS, SCODE, FNAME, REGDATE)
VALUES(REVIEWBOARD_NO.NEXTVAL, 172004, 1, 'Sperandum est infestis', 1, '메추리알장조림', SYSDATE);
INSERT INTO REVIEWBOARD(RNO, MNO, SPOINT, COMMENTS, SCODE, FNAME, REGDATE)
VALUES(REVIEWBOARD_NO.NEXTVAL, 172004, 5, 'Mors sola ', 1, '삼치구이', SYSDATE);
INSERT INTO REVIEWBOARD(RNO, MNO, SPOINT, COMMENTS, SCODE, FNAME, REGDATE)
VALUES(REVIEWBOARD_NO.NEXTVAL, 172004, 3, 'amicus ad adras ', 1, '삼치구이', SYSDATE);
INSERT INTO REVIEWBOARD(RNO, MNO, SPOINT, COMMENTS, SCODE, FNAME, REGDATE)
VALUES(REVIEWBOARD_NO.NEXTVAL, 172004, 4, 'Carpe Diem', 1, '두부조림', SYSDATE);
INSERT INTO REVIEWBOARD(RNO, MNO, SPOINT, COMMENTS, SCODE, FNAME, REGDATE)
VALUES(REVIEWBOARD_NO.NEXTVAL, 172004, 2, 'Dum spiro, spero', 1, '계란말이', SYSDATE);
INSERT INTO REVIEWBOARD(RNO, MNO, SPOINT, COMMENTS, SCODE, FNAME, REGDATE)
VALUES(REVIEWBOARD_NO.NEXTVAL, 172004, 1, 'A deo vocatus rite paratus ', 1, '메추리알장조림', SYSDATE);
INSERT INTO REVIEWBOARD(RNO, MNO, SPOINT, COMMENTS, SCODE, FNAME, REGDATE)
VALUES(REVIEWBOARD_NO.NEXTVAL, 172004, 4, 'Tempus fugit ', 1, '삼치구이', SYSDATE);
INSERT INTO REVIEWBOARD(RNO, MNO, SPOINT, COMMENTS, SCODE, FNAME, REGDATE)
VALUES(REVIEWBOARD_NO.NEXTVAL, 172004, 5, 'Tempus edax rerum', 1, '오징어볶음', SYSDATE);
INSERT INTO REVIEWBOARD(RNO, MNO, SPOINT, COMMENTS, SCODE, FNAME, REGDATE)
VALUES(REVIEWBOARD_NO.NEXTVAL, 172004, 2, 'Tempus fugit, amor manet', 1, '두부조림', SYSDATE);
--일품--
INSERT INTO REVIEWBOARD(RNO, MNO, SPOINT, COMMENTS, SCODE, FNAME, REGDATE)
VALUES(REVIEWBOARD_NO.NEXTVAL, 172004, 4, 'Forsan et haec olim meminisse iuvabit', 2, '카레', SYSDATE);
INSERT INTO REVIEWBOARD(RNO, MNO, SPOINT, COMMENTS, SCODE, FNAME, REGDATE)
VALUES(REVIEWBOARD_NO.NEXTVAL, 172004, 5, 'Hoc quoque transibit', 2, '메밀소바', SYSDATE);
INSERT INTO REVIEWBOARD(RNO, MNO, SPOINT, COMMENTS, SCODE, FNAME, REGDATE)
VALUES(REVIEWBOARD_NO.NEXTVAL, 172004, 2, 'A buen entendedor, pocas palabras bastan.', 2, '짬뽕', SYSDATE);
INSERT INTO REVIEWBOARD(RNO, MNO, SPOINT, COMMENTS, SCODE, FNAME, REGDATE)
VALUES(REVIEWBOARD_NO.NEXTVAL, 172004, 4, 'A caballo regalado, no hay que mirarle el diente.', 2, '돈코츠라멘', SYSDATE);
INSERT INTO REVIEWBOARD(RNO, MNO, SPOINT, COMMENTS, SCODE, FNAME, REGDATE)
VALUES(REVIEWBOARD_NO.NEXTVAL, 172004, 5, 'Agua pasada no muele molino', 2, '치즈오븐스파게티', SYSDATE);
INSERT INTO REVIEWBOARD(RNO, MNO, SPOINT, COMMENTS, SCODE, FNAME, REGDATE)
VALUES(REVIEWBOARD_NO.NEXTVAL, 172004, 2, 'Agua vertida no puede juntarse otra vez', 2, '카레', SYSDATE);
INSERT INTO REVIEWBOARD(RNO, MNO, SPOINT, COMMENTS, SCODE, FNAME, REGDATE)
VALUES(REVIEWBOARD_NO.NEXTVAL, 172004, 1, 'Aguas calmadas corren profundo.', 2, '메밀소바', SYSDATE);
INSERT INTO REVIEWBOARD(RNO, MNO, SPOINT, COMMENTS, SCODE, FNAME, REGDATE)
VALUES(REVIEWBOARD_NO.NEXTVAL, 172004, 5, 'Al cabo de cien anos todos seremos calvos', 2, '짬뽕', SYSDATE);
INSERT INTO REVIEWBOARD(RNO, MNO, SPOINT, COMMENTS, SCODE, FNAME, REGDATE)
VALUES(REVIEWBOARD_NO.NEXTVAL, 172004, 2, 'Al hierro caliente, batir de repente. ', 2, '돈코츠라멘', SYSDATE);
INSERT INTO REVIEWBOARD(RNO, MNO, SPOINT, COMMENTS, SCODE, FNAME, REGDATE)
VALUES(REVIEWBOARD_NO.NEXTVAL, 172004, 3, 'Al que al cielo escupe, en la cara le cae.', 2, '치즈오븐스파게티', SYSDATE);
INSERT INTO REVIEWBOARD(RNO, MNO, SPOINT, COMMENTS, SCODE, FNAME, REGDATE)
VALUES(REVIEWBOARD_NO.NEXTVAL, 172004, 2, 'Cuerpo sano, espiritu sano.', 2, '카레', SYSDATE);
INSERT INTO REVIEWBOARD(RNO, MNO, SPOINT, COMMENTS, SCODE, FNAME, REGDATE)
VALUES(REVIEWBOARD_NO.NEXTVAL, 172004, 4, 'De donde no hay, no se puede sacar.', 2, '메밀소바', SYSDATE);
INSERT INTO REVIEWBOARD(RNO, MNO, SPOINT, COMMENTS, SCODE, FNAME, REGDATE)
VALUES(REVIEWBOARD_NO.NEXTVAL, 172004, 5, 'De la abundancia del corazon habla la boca. ', 2, '짬뽕', SYSDATE);
INSERT INTO REVIEWBOARD(RNO, MNO, SPOINT, COMMENTS, SCODE, FNAME, REGDATE)
VALUES(REVIEWBOARD_NO.NEXTVAL, 172004, 2, 'Donde hay patron no manda marinero', 2, '돈코츠라멘', SYSDATE);
INSERT INTO REVIEWBOARD(RNO, MNO, SPOINT, COMMENTS, SCODE, FNAME, REGDATE)
VALUES(REVIEWBOARD_NO.NEXTVAL, 172004, 4, 'Dinero que prestate, enemigo que te echaste.', 2, '치즈오븐스파게티', SYSDATE);
INSERT INTO REVIEWBOARD(RNO, MNO, SPOINT, COMMENTS, SCODE, FNAME, REGDATE)
VALUES(REVIEWBOARD_NO.NEXTVAL, 172004, 1, 'ime con quien andas y te dire quien eres.', 2, '카레', SYSDATE);
INSERT INTO REVIEWBOARD(RNO, MNO, SPOINT, COMMENTS, SCODE, FNAME, REGDATE)
VALUES(REVIEWBOARD_NO.NEXTVAL, 172004, 2, 'Donde todos mandan, nadie obedece. ', 2, '메밀소바', SYSDATE);
INSERT INTO REVIEWBOARD(RNO, MNO, SPOINT, COMMENTS, SCODE, FNAME, REGDATE)
VALUES(REVIEWBOARD_NO.NEXTVAL, 172004, 4, 'De tal palo, tal astilla.', 2, '짬뽕', SYSDATE);
INSERT INTO REVIEWBOARD(RNO, MNO, SPOINT, COMMENTS, SCODE, FNAME, REGDATE)
VALUES(REVIEWBOARD_NO.NEXTVAL, 172004, 5, 'Donde hay voluntad, hay camino', 2, '돈코츠라멘', SYSDATE);
INSERT INTO REVIEWBOARD(RNO, MNO, SPOINT, COMMENTS, SCODE, FNAME, REGDATE)
VALUES(REVIEWBOARD_NO.NEXTVAL, 172004, 2, 'Dos cabezas piensan mejor que una', 2, '치즈오븐스파게티', SYSDATE);
--한식
INSERT INTO REVIEWBOARD(RNO, MNO, SPOINT, COMMENTS, SCODE, FNAME, REGDATE)
VALUES(REVIEWBOARD_NO.NEXTVAL, 172004, 4, 'El oro hace poderosos, pero no dichosos.', 3, '오징어볶음', SYSDATE);
INSERT INTO REVIEWBOARD(RNO, MNO, SPOINT, COMMENTS, SCODE, FNAME, REGDATE)
VALUES(REVIEWBOARD_NO.NEXTVAL, 172004, 3, 'El que algo quiere, algo le cuesta.', 3, '연포탕', SYSDATE);
INSERT INTO REVIEWBOARD(RNO, MNO, SPOINT, COMMENTS, SCODE, FNAME, REGDATE)
VALUES(REVIEWBOARD_NO.NEXTVAL, 172004, 2, 'El que quiere a la col quiere a las hojas de alrededor', 3, '제육볶음', SYSDATE);
INSERT INTO REVIEWBOARD(RNO, MNO, SPOINT, COMMENTS, SCODE, FNAME, REGDATE)
VALUES(REVIEWBOARD_NO.NEXTVAL, 172004, 5, 'Entre bobos anda el juego', 3, '백숙', SYSDATE);
INSERT INTO REVIEWBOARD(RNO, MNO, SPOINT, COMMENTS, SCODE, FNAME, REGDATE)
VALUES(REVIEWBOARD_NO.NEXTVAL, 172004, 1, 'En boca cerrada no entran moscas', 3, '고등어구이', SYSDATE);
INSERT INTO REVIEWBOARD(RNO, MNO, SPOINT, COMMENTS, SCODE, FNAME, REGDATE)
VALUES(REVIEWBOARD_NO.NEXTVAL, 172004, 5, 'En tierra de ciegos, el tuerto es rey', 3, '오징어볶음', SYSDATE);
INSERT INTO REVIEWBOARD(RNO, MNO, SPOINT, COMMENTS, SCODE, FNAME, REGDATE)
VALUES(REVIEWBOARD_NO.NEXTVAL, 172004, 2, 'Esperar algo como agua de Mayo. ', 3, '연포탕', SYSDATE);
INSERT INTO REVIEWBOARD(RNO, MNO, SPOINT, COMMENTS, SCODE, FNAME, REGDATE)
VALUES(REVIEWBOARD_NO.NEXTVAL, 172004, 4, 'Es solamente una coincidencia que los acontecimientos hayan ocurrido al mismo tiempo.', 3, '제육볶음', SYSDATE);
INSERT INTO REVIEWBOARD(RNO, MNO, SPOINT, COMMENTS, SCODE, FNAME, REGDATE)
VALUES(REVIEWBOARD_NO.NEXTVAL, 172004, 2, 'Es dificil para le hombre renunciar a sus viejos habitos.', 3, '백숙', SYSDATE);
INSERT INTO REVIEWBOARD(RNO, MNO, SPOINT, COMMENTS, SCODE, FNAME, REGDATE)
VALUES(REVIEWBOARD_NO.NEXTVAL, 172004, 1, 'Es dificil penetrar en la verdad e intenciones del hombre', 3, '고등어구이', SYSDATE);
INSERT INTO REVIEWBOARD(RNO, MNO, SPOINT, COMMENTS, SCODE, FNAME, REGDATE)
VALUES(REVIEWBOARD_NO.NEXTVAL, 172004, 4, 'En nombrando al rey de Roma, luego asoma.', 3, '오징어볶음', SYSDATE);
INSERT INTO REVIEWBOARD(RNO, MNO, SPOINT, COMMENTS, SCODE, FNAME, REGDATE)
VALUES(REVIEWBOARD_NO.NEXTVAL, 172004, 4, 'Entre broma y broma, la verdad se asoma', 3, '연포탕', SYSDATE);
INSERT INTO REVIEWBOARD(RNO, MNO, SPOINT, COMMENTS, SCODE, FNAME, REGDATE)
VALUES(REVIEWBOARD_NO.NEXTVAL, 172004, 2, 'El tiempo y la marea no esperan al hombre', 3, '제육볶음', SYSDATE);
INSERT INTO REVIEWBOARD(RNO, MNO, SPOINT, COMMENTS, SCODE, FNAME, REGDATE)
VALUES(REVIEWBOARD_NO.NEXTVAL, 172004, 3, 'El tiempo no perdona. ', 3, '백숙', SYSDATE);
INSERT INTO REVIEWBOARD(RNO, MNO, SPOINT, COMMENTS, SCODE, FNAME, REGDATE)
VALUES(REVIEWBOARD_NO.NEXTVAL, 172004, 4, 'El tiempo vuela.', 3, '고등어구이', SYSDATE);
INSERT INTO REVIEWBOARD(RNO, MNO, SPOINT, COMMENTS, SCODE, FNAME, REGDATE)
VALUES(REVIEWBOARD_NO.NEXTVAL, 172004, 5, 'El que rie al ultimo, rie mejor.', 3, '오징어볶음', SYSDATE);
INSERT INTO REVIEWBOARD(RNO, MNO, SPOINT, COMMENTS, SCODE, FNAME, REGDATE)
VALUES(REVIEWBOARD_NO.NEXTVAL, 172004, 1, 'El que rompe, paga', 3, '연포탕', SYSDATE);
INSERT INTO REVIEWBOARD(RNO, MNO, SPOINT, COMMENTS, SCODE, FNAME, REGDATE)
VALUES(REVIEWBOARD_NO.NEXTVAL, 172004, 2, 'El silencio es oro', 3, '제육볶음', SYSDATE);
INSERT INTO REVIEWBOARD(RNO, MNO, SPOINT, COMMENTS, SCODE, FNAME, REGDATE)
VALUES(REVIEWBOARD_NO.NEXTVAL, 172004, 3, 'El tiempo es oro. ', 3, '백숙', SYSDATE);
INSERT INTO REVIEWBOARD(RNO, MNO, SPOINT, COMMENTS, SCODE, FNAME, REGDATE)
VALUES(REVIEWBOARD_NO.NEXTVAL, 172004, 4, 'Marzo ventoso y abril lluvioso, hacen a mayo hermos', 3, '고등어구이', SYSDATE);
--저녁--
INSERT INTO REVIEWBOARD(RNO, MNO, SPOINT, COMMENTS, SCODE, FNAME, REGDATE)
VALUES(REVIEWBOARD_NO.NEXTVAL, 172004, 4, 'La costumbre es otra naturaleza', 4, '치즈불닭', SYSDATE);
INSERT INTO REVIEWBOARD(RNO, MNO, SPOINT, COMMENTS, SCODE, FNAME, REGDATE)
VALUES(REVIEWBOARD_NO.NEXTVAL, 172004, 3, 'Matar dos pajaros con la misma piedra.', 4, '갈비탕', SYSDATE);
INSERT INTO REVIEWBOARD(RNO, MNO, SPOINT, COMMENTS, SCODE, FNAME, REGDATE)
VALUES(REVIEWBOARD_NO.NEXTVAL, 172004, 2, 'Ver es creer', 4, '닭감자조림', SYSDATE);
INSERT INTO REVIEWBOARD(RNO, MNO, SPOINT, COMMENTS, SCODE, FNAME, REGDATE)
VALUES(REVIEWBOARD_NO.NEXTVAL, 172004, 4, 'Ver la paja en el ojo del vecino y no la viga en el nuestro. ', 4, '부대찌개', SYSDATE);
INSERT INTO REVIEWBOARD(RNO, MNO, SPOINT, COMMENTS, SCODE, FNAME, REGDATE)
VALUES(REVIEWBOARD_NO.NEXTVAL, 172004, 1, 'Una contestacion amable ahuyenta la colera.', 4, '잔치국수', SYSDATE);
INSERT INTO REVIEWBOARD(RNO, MNO, SPOINT, COMMENTS, SCODE, FNAME, REGDATE)
VALUES(REVIEWBOARD_NO.NEXTVAL, 172004, 2, 'Un nuevo rico con frecuencia olvidara sus viejas limitaciones', 4, '치즈불닭', SYSDATE);
INSERT INTO REVIEWBOARD(RNO, MNO, SPOINT, COMMENTS, SCODE, FNAME, REGDATE)
VALUES(REVIEWBOARD_NO.NEXTVAL, 172004, 3, 'Tiempo cura el enfermo, que no el unguento', 4, '갈비탕', SYSDATE);
INSERT INTO REVIEWBOARD(RNO, MNO, SPOINT, COMMENTS, SCODE, FNAME, REGDATE)
VALUES(REVIEWBOARD_NO.NEXTVAL, 172004, 4, 'Tanto va el cantaro a la fuente que alguna vez se quiebra.', 4, '닭감자조림', SYSDATE);
INSERT INTO REVIEWBOARD(RNO, MNO, SPOINT, COMMENTS, SCODE, FNAME, REGDATE)
VALUES(REVIEWBOARD_NO.NEXTVAL, 172004, 5, 'Si plantas bellotas, no esperes que crezcan cerezas.', 4, '부대찌개', SYSDATE);
INSERT INTO REVIEWBOARD(RNO, MNO, SPOINT, COMMENTS, SCODE, FNAME, REGDATE)
VALUES(REVIEWBOARD_NO.NEXTVAL, 172004, 2, 'Siendo otras cosas igual, elige el mejor', 4, '잔치국수', SYSDATE);
INSERT INTO REVIEWBOARD(RNO, MNO, SPOINT, COMMENTS, SCODE, FNAME, REGDATE)
VALUES(REVIEWBOARD_NO.NEXTVAL, 172004, 1, 'Si da el cantaro en la piedra(o la piedra en el cantaro), mal para el cantaro.', 4, '치즈불닭', SYSDATE);
INSERT INTO REVIEWBOARD(RNO, MNO, SPOINT, COMMENTS, SCODE, FNAME, REGDATE)
VALUES(REVIEWBOARD_NO.NEXTVAL, 172004, 2, 'Ser mas listo que lepe.	', 4, '갈비탕', SYSDATE);
INSERT INTO REVIEWBOARD(RNO, MNO, SPOINT, COMMENTS, SCODE, FNAME, REGDATE)
VALUES(REVIEWBOARD_NO.NEXTVAL, 172004, 3, 'Rascame y te rascare.', 4, '닭감자조림', SYSDATE);
INSERT INTO REVIEWBOARD(RNO, MNO, SPOINT, COMMENTS, SCODE, FNAME, REGDATE)
VALUES(REVIEWBOARD_NO.NEXTVAL, 172004, 4, 'Quien siembra vientos, recoge tempestades.', 4, '부대찌개', SYSDATE);
INSERT INTO REVIEWBOARD(RNO, MNO, SPOINT, COMMENTS, SCODE, FNAME, REGDATE)
VALUES(REVIEWBOARD_NO.NEXTVAL, 172004, 5, 'Placeres son por on zas, y los malos por arrobas', 4, '잔치국수', SYSDATE);
INSERT INTO REVIEWBOARD(RNO, MNO, SPOINT, COMMENTS, SCODE, FNAME, REGDATE)
VALUES(REVIEWBOARD_NO.NEXTVAL, 172004, 1, 'Por todas partes se va a Roma. = Todos los caminos llevan a Roma', 4, '치즈불닭', SYSDATE);
INSERT INTO REVIEWBOARD(RNO, MNO, SPOINT, COMMENTS, SCODE, FNAME, REGDATE)
VALUES(REVIEWBOARD_NO.NEXTVAL, 172004, 3, 'Perro ladrador, poco mordedor', 4, '갈비탕', SYSDATE);
INSERT INTO REVIEWBOARD(RNO, MNO, SPOINT, COMMENTS, SCODE, FNAME, REGDATE)
VALUES(REVIEWBOARD_NO.NEXTVAL, 172004, 5, 'No dejes para manana lo que puedas hacer hoy.', 4, '닭감자조림', SYSDATE);
INSERT INTO REVIEWBOARD(RNO, MNO, SPOINT, COMMENTS, SCODE, FNAME, REGDATE)
VALUES(REVIEWBOARD_NO.NEXTVAL, 172004, 3, 'No hay caballo, por bueno que sea, que no tropiece.', 4, '부대찌개', SYSDATE);
INSERT INTO REVIEWBOARD(RNO, MNO, SPOINT, COMMENTS, SCODE, FNAME, REGDATE)
VALUES(REVIEWBOARD_NO.NEXTVAL, 172004, 3, 'No vendas la piel del oso antes de verlo muerto.', 4, '잔치국수', SYSDATE);

--Rankingboard data input!!--
--1
INSERT INTO rankingboard(rkno, rkname, img, regdate, scode)
VALUES(RANKINGBOARD_NO.NEXTVAL, '두부조림', '두부조림.jpg', SYSDATE, 1);
INSERT INTO rankingboard(rkno, rkname, img, regdate, scode)
VALUES(RANKINGBOARD_NO.NEXTVAL, '계란말이', '계란말이.jpg', SYSDATE, 1);
INSERT INTO rankingboard(rkno, rkname, img, regdate, scode)
VALUES(RANKINGBOARD_NO.NEXTVAL, '메추리알장조림', '메추리알장조림.jpg', SYSDATE, 1);
INSERT INTO rankingboard(rkno, rkname, img, regdate, scode)
VALUES(RANKINGBOARD_NO.NEXTVAL, '삼치구이', '삼치구이.jpg', SYSDATE, 1);
INSERT INTO rankingboard(rkno, rkname, img, regdate, scode)
VALUES(RANKINGBOARD_NO.NEXTVAL, '오징어볶음', '오징어볶음.jpg', SYSDATE, 1);
INSERT INTO rankingboard(rkno, rkname, img, regdate, scode)
VALUES(RANKINGBOARD_NO.NEXTVAL, '카레', '카레.jpg', SYSDATE, 1);
INSERT INTO rankingboard(rkno, rkname, img, regdate, scode)
VALUES(RANKINGBOARD_NO.NEXTVAL, '메밀소바', '메밀소바.jpg', SYSDATE, 1);
INSERT INTO rankingboard(rkno, rkname, img, regdate, scode)
VALUES(RANKINGBOARD_NO.NEXTVAL, '연포탕', '연포탕.jpg', SYSDATE, 1);
INSERT INTO rankingboard(rkno, rkname, img, regdate, scode)
VALUES(RANKINGBOARD_NO.NEXTVAL, '짬뽕', '짬뽕.jpg', SYSDATE, 1);
INSERT INTO rankingboard(rkno, rkname, img, regdate, scode)
VALUES(RANKINGBOARD_NO.NEXTVAL, '제육볶음', '제육볶음.jpg', SYSDATE, 1);
INSERT INTO rankingboard(rkno, rkname, img, regdate, scode)
VALUES(RANKINGBOARD_NO.NEXTVAL, '돈코츠라멘', '돈코츠라멘.jpg', SYSDATE, 1);
INSERT INTO rankingboard(rkno, rkname, img, regdate, scode)
VALUES(RANKINGBOARD_NO.NEXTVAL, '백숙', '백숙.jpg', SYSDATE, 1);
INSERT INTO rankingboard(rkno, rkname, img, regdate, scode)
VALUES(RANKINGBOARD_NO.NEXTVAL, '치즈오븐스파게티', '치즈오븐스파게티.jpg', SYSDATE, 1);
INSERT INTO rankingboard(rkno, rkname, img, regdate, scode)
VALUES(RANKINGBOARD_NO.NEXTVAL, '고등어구이', '고등어구이.jpg', SYSDATE, 1);
INSERT INTO rankingboard(rkno, rkname, img, regdate, scode)
VALUES(RANKINGBOARD_NO.NEXTVAL, '치즈불닭', '치즈불닭.jpg', SYSDATE, 1);
INSERT INTO rankingboard(rkno, rkname, img, regdate, scode)
VALUES(RANKINGBOARD_NO.NEXTVAL, '갈비탕', '갈비탕.jpg', SYSDATE, 1);
INSERT INTO rankingboard(rkno, rkname, img, regdate, scode)
VALUES(RANKINGBOARD_NO.NEXTVAL, '닭감자조림', '닭감자조림.jpg', SYSDATE, 1);
INSERT INTO rankingboard(rkno, rkname, img, regdate, scode)
VALUES(RANKINGBOARD_NO.NEXTVAL, '부대찌개', '부대찌개.jpg', SYSDATE, 1);
INSERT INTO rankingboard(rkno, rkname, img, regdate, scode)
VALUES(RANKINGBOARD_NO.NEXTVAL, '잔치국수', '잔치국수.jpg', SYSDATE, 1);
--2
INSERT INTO rankingboard(rkno, rkname, img, regdate, scode)
VALUES(RANKINGBOARD_NO.NEXTVAL, '두부조림', '두부조림.jpg', SYSDATE, 2);
INSERT INTO rankingboard(rkno, rkname, img, regdate, scode)
VALUES(RANKINGBOARD_NO.NEXTVAL, '계란말이', '계란말이.jpg', SYSDATE, 2);
INSERT INTO rankingboard(rkno, rkname, img, regdate, scode)
VALUES(RANKINGBOARD_NO.NEXTVAL, '메추리알장조림', '메추리알장조림.jpg', SYSDATE, 2);
INSERT INTO rankingboard(rkno, rkname, img, regdate, scode)
VALUES(RANKINGBOARD_NO.NEXTVAL, '삼치구이', '삼치구이.jpg', SYSDATE, 2);
INSERT INTO rankingboard(rkno, rkname, img, regdate, scode)
VALUES(RANKINGBOARD_NO.NEXTVAL, '오징어볶음', '오징어볶음.jpg', SYSDATE, 2);
INSERT INTO rankingboard(rkno, rkname, img, regdate, scode)
VALUES(RANKINGBOARD_NO.NEXTVAL, '카레', '카레.jpg', SYSDATE, 2);
INSERT INTO rankingboard(rkno, rkname, img, regdate, scode)
VALUES(RANKINGBOARD_NO.NEXTVAL, '메밀소바', '메밀소바.jpg', SYSDATE, 2);
INSERT INTO rankingboard(rkno, rkname, img, regdate, scode)
VALUES(RANKINGBOARD_NO.NEXTVAL, '연포탕', '연포탕.jpg', SYSDATE, 2);
INSERT INTO rankingboard(rkno, rkname, img, regdate, scode)
VALUES(RANKINGBOARD_NO.NEXTVAL, '짬뽕', '짬뽕.jpg', SYSDATE, 2);
INSERT INTO rankingboard(rkno, rkname, img, regdate, scode)
VALUES(RANKINGBOARD_NO.NEXTVAL, '제육볶음', '제육볶음.jpg', SYSDATE, 2);
INSERT INTO rankingboard(rkno, rkname, img, regdate, scode)
VALUES(RANKINGBOARD_NO.NEXTVAL, '돈코츠라멘', '돈코츠라멘.jpg', SYSDATE, 2);
INSERT INTO rankingboard(rkno, rkname, img, regdate, scode)
VALUES(RANKINGBOARD_NO.NEXTVAL, '백숙', '백숙.jpg', SYSDATE, 2);
INSERT INTO rankingboard(rkno, rkname, img, regdate, scode)
VALUES(RANKINGBOARD_NO.NEXTVAL, '치즈오븐스파게티', '치즈오븐스파게티.jpg', SYSDATE, 2);
INSERT INTO rankingboard(rkno, rkname, img, regdate, scode)
VALUES(RANKINGBOARD_NO.NEXTVAL, '고등어구이', '고등어구이.jpg', SYSDATE, 2);
INSERT INTO rankingboard(rkno, rkname, img, regdate, scode)
VALUES(RANKINGBOARD_NO.NEXTVAL, '치즈불닭', '치즈불닭.jpg', SYSDATE, 2);
INSERT INTO rankingboard(rkno, rkname, img, regdate, scode)
VALUES(RANKINGBOARD_NO.NEXTVAL, '갈비탕', '갈비탕.jpg', SYSDATE, 2);
INSERT INTO rankingboard(rkno, rkname, img, regdate, scode)
VALUES(RANKINGBOARD_NO.NEXTVAL, '닭감자조림', '닭감자조림.jpg', SYSDATE, 2);
INSERT INTO rankingboard(rkno, rkname, img, regdate, scode)
VALUES(RANKINGBOARD_NO.NEXTVAL, '부대찌개', '부대찌개.jpg', SYSDATE, 2);
INSERT INTO rankingboard(rkno, rkname, img, regdate, scode)
VALUES(RANKINGBOARD_NO.NEXTVAL, '잔치국수', '잔치국수.jpg', SYSDATE, 2);
--3
INSERT INTO rankingboard(rkno, rkname, img, regdate, scode)
VALUES(RANKINGBOARD_NO.NEXTVAL, '두부조림', '두부조림.jpg', SYSDATE, 3);
INSERT INTO rankingboard(rkno, rkname, img, regdate, scode)
VALUES(RANKINGBOARD_NO.NEXTVAL, '계란말이', '계란말이.jpg', SYSDATE, 3);
INSERT INTO rankingboard(rkno, rkname, img, regdate, scode)
VALUES(RANKINGBOARD_NO.NEXTVAL, '메추리알장조림', '메추리알장조림.jpg', SYSDATE, 3);
INSERT INTO rankingboard(rkno, rkname, img, regdate, scode)
VALUES(RANKINGBOARD_NO.NEXTVAL, '삼치구이', '삼치구이.jpg', SYSDATE, 3);
INSERT INTO rankingboard(rkno, rkname, img, regdate, scode)
VALUES(RANKINGBOARD_NO.NEXTVAL, '오징어볶음', '오징어볶음.jpg', SYSDATE, 3);
INSERT INTO rankingboard(rkno, rkname, img, regdate, scode)
VALUES(RANKINGBOARD_NO.NEXTVAL, '카레', '카레.jpg', SYSDATE, 3);
INSERT INTO rankingboard(rkno, rkname, img, regdate, scode)
VALUES(RANKINGBOARD_NO.NEXTVAL, '메밀소바', '메밀소바.jpg', SYSDATE, 3);
INSERT INTO rankingboard(rkno, rkname, img, regdate, scode)
VALUES(RANKINGBOARD_NO.NEXTVAL, '연포탕', '연포탕.jpg', SYSDATE, 3);
INSERT INTO rankingboard(rkno, rkname, img, regdate, scode)
VALUES(RANKINGBOARD_NO.NEXTVAL, '짬뽕', '짬뽕.jpg', SYSDATE, 3);
INSERT INTO rankingboard(rkno, rkname, img, regdate, scode)
VALUES(RANKINGBOARD_NO.NEXTVAL, '제육볶음', '제육볶음.jpg', SYSDATE, 3);
INSERT INTO rankingboard(rkno, rkname, img, regdate, scode)
VALUES(RANKINGBOARD_NO.NEXTVAL, '돈코츠라멘', '돈코츠라멘.jpg', SYSDATE, 3);
INSERT INTO rankingboard(rkno, rkname, img, regdate, scode)
VALUES(RANKINGBOARD_NO.NEXTVAL, '백숙', '백숙.jpg', SYSDATE, 3);
INSERT INTO rankingboard(rkno, rkname, img, regdate, scode)
VALUES(RANKINGBOARD_NO.NEXTVAL, '치즈오븐스파게티', '치즈오븐스파게티.jpg', SYSDATE, 3);
INSERT INTO rankingboard(rkno, rkname, img, regdate, scode)
VALUES(RANKINGBOARD_NO.NEXTVAL, '고등어구이', '고등어구이.jpg', SYSDATE, 3);
INSERT INTO rankingboard(rkno, rkname, img, regdate, scode)
VALUES(RANKINGBOARD_NO.NEXTVAL, '치즈불닭', '치즈불닭.jpg', SYSDATE, 3);
INSERT INTO rankingboard(rkno, rkname, img, regdate, scode)
VALUES(RANKINGBOARD_NO.NEXTVAL, '갈비탕', '갈비탕.jpg', SYSDATE, 3);
INSERT INTO rankingboard(rkno, rkname, img, regdate, scode)
VALUES(RANKINGBOARD_NO.NEXTVAL, '닭감자조림', '닭감자조림.jpg', SYSDATE, 3);
INSERT INTO rankingboard(rkno, rkname, img, regdate, scode)
VALUES(RANKINGBOARD_NO.NEXTVAL, '부대찌개', '부대찌개.jpg', SYSDATE, 3);
INSERT INTO rankingboard(rkno, rkname, img, regdate, scode)
VALUES(RANKINGBOARD_NO.NEXTVAL, '잔치국수', '잔치국수.jpg', SYSDATE, 3);
--4
INSERT INTO rankingboard(rkno, rkname, img, regdate, scode)
VALUES(RANKINGBOARD_NO.NEXTVAL, '두부조림', '두부조림.jpg', SYSDATE, 4);
INSERT INTO rankingboard(rkno, rkname, img, regdate, scode)
VALUES(RANKINGBOARD_NO.NEXTVAL, '계란말이', '계란말이.jpg', SYSDATE, 4);
INSERT INTO rankingboard(rkno, rkname, img, regdate, scode)
VALUES(RANKINGBOARD_NO.NEXTVAL, '메추리알장조림', '메추리알장조림.jpg', SYSDATE, 4);
INSERT INTO rankingboard(rkno, rkname, img, regdate, scode)
VALUES(RANKINGBOARD_NO.NEXTVAL, '삼치구이', '삼치구이.jpg', SYSDATE, 4);
INSERT INTO rankingboard(rkno, rkname, img, regdate, scode)
VALUES(RANKINGBOARD_NO.NEXTVAL, '오징어볶음', '오징어볶음.jpg', SYSDATE, 4);
INSERT INTO rankingboard(rkno, rkname, img, regdate, scode)
VALUES(RANKINGBOARD_NO.NEXTVAL, '카레', '카레.jpg', SYSDATE, 4);
INSERT INTO rankingboard(rkno, rkname, img, regdate, scode)
VALUES(RANKINGBOARD_NO.NEXTVAL, '메밀소바', '메밀소바.jpg', SYSDATE, 4);
INSERT INTO rankingboard(rkno, rkname, img, regdate, scode)
VALUES(RANKINGBOARD_NO.NEXTVAL, '연포탕', '연포탕.jpg', SYSDATE, 4);
INSERT INTO rankingboard(rkno, rkname, img, regdate, scode)
VALUES(RANKINGBOARD_NO.NEXTVAL, '짬뽕', '짬뽕.jpg', SYSDATE, 4);
INSERT INTO rankingboard(rkno, rkname, img, regdate, scode)
VALUES(RANKINGBOARD_NO.NEXTVAL, '제육볶음', '제육볶음.jpg', SYSDATE, 4);
INSERT INTO rankingboard(rkno, rkname, img, regdate, scode)
VALUES(RANKINGBOARD_NO.NEXTVAL, '돈코츠라멘', '돈코츠라멘.jpg', SYSDATE, 4);
INSERT INTO rankingboard(rkno, rkname, img, regdate, scode)
VALUES(RANKINGBOARD_NO.NEXTVAL, '백숙', '백숙.jpg', SYSDATE, 4);
INSERT INTO rankingboard(rkno, rkname, img, regdate, scode)
VALUES(RANKINGBOARD_NO.NEXTVAL, '치즈오븐스파게티', '치즈오븐스파게티.jpg', SYSDATE, 4);
INSERT INTO rankingboard(rkno, rkname, img, regdate, scode)
VALUES(RANKINGBOARD_NO.NEXTVAL, '고등어구이', '고등어구이.jpg', SYSDATE, 4);
INSERT INTO rankingboard(rkno, rkname, img, regdate, scode)
VALUES(RANKINGBOARD_NO.NEXTVAL, '치즈불닭', '치즈불닭.jpg', SYSDATE, 4);
INSERT INTO rankingboard(rkno, rkname, img, regdate, scode)
VALUES(RANKINGBOARD_NO.NEXTVAL, '갈비탕', '갈비탕.jpg', SYSDATE, 4);
INSERT INTO rankingboard(rkno, rkname, img, regdate, scode)
VALUES(RANKINGBOARD_NO.NEXTVAL, '닭감자조림', '닭감자조림.jpg', SYSDATE, 4);
INSERT INTO rankingboard(rkno, rkname, img, regdate, scode)
VALUES(RANKINGBOARD_NO.NEXTVAL, '부대찌개', '부대찌개.jpg', SYSDATE, 4);
INSERT INTO rankingboard(rkno, rkname, img, regdate, scode)
VALUES(RANKINGBOARD_NO.NEXTVAL, '잔치국수', '잔치국수.jpg', SYSDATE, 4);


--SUYO
--172005
INSERT INTO SUYO(DIETNO, MNO) VALUES(1, 172005);
INSERT INTO SUYO(DIETNO, MNO) VALUES(2, 172005);
INSERT INTO SUYO(DIETNO, MNO) VALUES(3, 172005);
INSERT INTO SUYO(DIETNO, MNO) VALUES(4, 172005);
INSERT INTO SUYO(DIETNO, MNO) VALUES(5, 172005);
INSERT INTO SUYO(DIETNO, MNO) VALUES(6, 172005);
INSERT INTO SUYO(DIETNO, MNO) VALUES(7, 172005);
INSERT INTO SUYO(DIETNO, MNO) VALUES(8, 172005);
INSERT INTO SUYO(DIETNO, MNO) VALUES(9, 172005);
INSERT INTO SUYO(DIETNO, MNO) VALUES(10, 172005);
INSERT INTO SUYO(DIETNO, MNO) VALUES(11, 172005);
INSERT INTO SUYO(DIETNO, MNO) VALUES(12, 172005);
INSERT INTO SUYO(DIETNO, MNO) VALUES(13, 172005);
INSERT INTO SUYO(DIETNO, MNO) VALUES(14, 172005);
INSERT INTO SUYO(DIETNO, MNO) VALUES(15, 172005);
INSERT INTO SUYO(DIETNO, MNO) VALUES(16, 172005);
INSERT INTO SUYO(DIETNO, MNO) VALUES(17, 172005);
INSERT INTO SUYO(DIETNO, MNO) VALUES(18, 172005);
INSERT INTO SUYO(DIETNO, MNO) VALUES(19, 172005);
INSERT INTO SUYO(DIETNO, MNO) VALUES(20, 172005);
INSERT INTO SUYO(DIETNO, MNO) VALUES(21, 172005);
INSERT INTO SUYO(DIETNO, MNO) VALUES(22, 172005);
INSERT INTO SUYO(DIETNO, MNO) VALUES(23, 172005);
INSERT INTO SUYO(DIETNO, MNO) VALUES(24, 172005);
INSERT INTO SUYO(DIETNO, MNO) VALUES(25, 172005);
INSERT INTO SUYO(DIETNO, MNO) VALUES(26, 172005);
INSERT INTO SUYO(DIETNO, MNO) VALUES(27, 172005);
INSERT INTO SUYO(DIETNO, MNO) VALUES(28, 172005);
INSERT INTO SUYO(DIETNO, MNO) VALUES(29, 172005);
INSERT INTO SUYO(DIETNO, MNO) VALUES(30, 172005);
INSERT INTO SUYO(DIETNO, MNO) VALUES(31, 172005);
INSERT INTO SUYO(DIETNO, MNO) VALUES(32, 172005);
INSERT INTO SUYO(DIETNO, MNO) VALUES(33, 172005);
INSERT INTO SUYO(DIETNO, MNO) VALUES(34, 172005);
INSERT INTO SUYO(DIETNO, MNO) VALUES(35, 172005);
INSERT INTO SUYO(DIETNO, MNO) VALUES(36, 172005);
INSERT INTO SUYO(DIETNO, MNO) VALUES(37, 172005);
INSERT INTO SUYO(DIETNO, MNO) VALUES(38, 172005);
INSERT INTO SUYO(DIETNO, MNO) VALUES(39, 172005);
INSERT INTO SUYO(DIETNO, MNO) VALUES(40, 172005);


--172006
INSERT INTO SUYO(DIETNO, MNO) VALUES(1, 172006);
INSERT INTO SUYO(DIETNO, MNO) VALUES(2, 172006);
INSERT INTO SUYO(DIETNO, MNO) VALUES(3, 172006);
INSERT INTO SUYO(DIETNO, MNO) VALUES(4, 172006);
INSERT INTO SUYO(DIETNO, MNO) VALUES(5, 172006);
INSERT INTO SUYO(DIETNO, MNO) VALUES(6, 172006);
INSERT INTO SUYO(DIETNO, MNO) VALUES(7, 172006);
INSERT INTO SUYO(DIETNO, MNO) VALUES(8, 172006);
INSERT INTO SUYO(DIETNO, MNO) VALUES(9, 172006);
INSERT INTO SUYO(DIETNO, MNO) VALUES(10, 172006);
INSERT INTO SUYO(DIETNO, MNO) VALUES(11, 172006);
INSERT INTO SUYO(DIETNO, MNO) VALUES(12, 172006);
INSERT INTO SUYO(DIETNO, MNO) VALUES(13, 172006);
INSERT INTO SUYO(DIETNO, MNO) VALUES(14, 172006);
INSERT INTO SUYO(DIETNO, MNO) VALUES(15, 172006);
INSERT INTO SUYO(DIETNO, MNO) VALUES(16, 172006);
INSERT INTO SUYO(DIETNO, MNO) VALUES(17, 172006);
INSERT INTO SUYO(DIETNO, MNO) VALUES(18, 172006);
INSERT INTO SUYO(DIETNO, MNO) VALUES(19, 172006);
INSERT INTO SUYO(DIETNO, MNO) VALUES(20, 172006);
INSERT INTO SUYO(DIETNO, MNO) VALUES(21, 172006);
INSERT INTO SUYO(DIETNO, MNO) VALUES(22, 172006);
INSERT INTO SUYO(DIETNO, MNO) VALUES(23, 172006);
INSERT INTO SUYO(DIETNO, MNO) VALUES(24, 172006);
INSERT INTO SUYO(DIETNO, MNO) VALUES(25, 172006);
INSERT INTO SUYO(DIETNO, MNO) VALUES(26, 172006);
INSERT INTO SUYO(DIETNO, MNO) VALUES(27, 172006);
INSERT INTO SUYO(DIETNO, MNO) VALUES(28, 172006);
INSERT INTO SUYO(DIETNO, MNO) VALUES(29, 172006);
INSERT INTO SUYO(DIETNO, MNO) VALUES(30, 172006);
INSERT INTO SUYO(DIETNO, MNO) VALUES(31, 172006);
INSERT INTO SUYO(DIETNO, MNO) VALUES(32, 172006);
INSERT INTO SUYO(DIETNO, MNO) VALUES(33, 172006);
INSERT INTO SUYO(DIETNO, MNO) VALUES(34, 172006);
INSERT INTO SUYO(DIETNO, MNO) VALUES(35, 172006);
INSERT INTO SUYO(DIETNO, MNO) VALUES(36, 172006);
INSERT INTO SUYO(DIETNO, MNO) VALUES(37, 172006);
INSERT INTO SUYO(DIETNO, MNO) VALUES(38, 172006);
INSERT INTO SUYO(DIETNO, MNO) VALUES(39, 172006);
INSERT INTO SUYO(DIETNO, MNO) VALUES(40, 172006);

--172007
INSERT INTO SUYO(DIETNO, MNO) VALUES(1, 172007);
INSERT INTO SUYO(DIETNO, MNO) VALUES(2, 172007);
INSERT INTO SUYO(DIETNO, MNO) VALUES(3, 172007);
INSERT INTO SUYO(DIETNO, MNO) VALUES(4, 172007);
INSERT INTO SUYO(DIETNO, MNO) VALUES(5, 172007);
INSERT INTO SUYO(DIETNO, MNO) VALUES(6, 172007);
INSERT INTO SUYO(DIETNO, MNO) VALUES(7, 172007);
INSERT INTO SUYO(DIETNO, MNO) VALUES(8, 172007);
INSERT INTO SUYO(DIETNO, MNO) VALUES(9, 172007);
INSERT INTO SUYO(DIETNO, MNO) VALUES(10, 172007);
INSERT INTO SUYO(DIETNO, MNO) VALUES(11, 172007);
INSERT INTO SUYO(DIETNO, MNO) VALUES(12, 172007);
INSERT INTO SUYO(DIETNO, MNO) VALUES(13, 172007);
INSERT INTO SUYO(DIETNO, MNO) VALUES(14, 172007);
INSERT INTO SUYO(DIETNO, MNO) VALUES(15, 172007);
INSERT INTO SUYO(DIETNO, MNO) VALUES(16, 172007);
INSERT INTO SUYO(DIETNO, MNO) VALUES(17, 172007);
INSERT INTO SUYO(DIETNO, MNO) VALUES(18, 172007);
INSERT INTO SUYO(DIETNO, MNO) VALUES(19, 172007);
INSERT INTO SUYO(DIETNO, MNO) VALUES(20, 172007);
INSERT INTO SUYO(DIETNO, MNO) VALUES(21, 172007);
INSERT INTO SUYO(DIETNO, MNO) VALUES(22, 172007);
INSERT INTO SUYO(DIETNO, MNO) VALUES(23, 172007);
INSERT INTO SUYO(DIETNO, MNO) VALUES(24, 172007);
INSERT INTO SUYO(DIETNO, MNO) VALUES(25, 172007);
INSERT INTO SUYO(DIETNO, MNO) VALUES(26, 172007);
INSERT INTO SUYO(DIETNO, MNO) VALUES(27, 172007);
INSERT INTO SUYO(DIETNO, MNO) VALUES(28, 172007);
INSERT INTO SUYO(DIETNO, MNO) VALUES(29, 172007);
INSERT INTO SUYO(DIETNO, MNO) VALUES(30, 172007);
INSERT INTO SUYO(DIETNO, MNO) VALUES(31, 172007);
INSERT INTO SUYO(DIETNO, MNO) VALUES(32, 172007);
INSERT INTO SUYO(DIETNO, MNO) VALUES(33, 172007);
INSERT INTO SUYO(DIETNO, MNO) VALUES(34, 172007);
INSERT INTO SUYO(DIETNO, MNO) VALUES(35, 172007);
INSERT INTO SUYO(DIETNO, MNO) VALUES(36, 172007);
INSERT INTO SUYO(DIETNO, MNO) VALUES(37, 172007);
INSERT INTO SUYO(DIETNO, MNO) VALUES(38, 172007);
INSERT INTO SUYO(DIETNO, MNO) VALUES(39, 172007);
INSERT INTO SUYO(DIETNO, MNO) VALUES(40, 172007);

--172008
INSERT INTO SUYO(DIETNO, MNO) VALUES(1, 172008);
INSERT INTO SUYO(DIETNO, MNO) VALUES(2, 172008);
INSERT INTO SUYO(DIETNO, MNO) VALUES(3, 172008);
INSERT INTO SUYO(DIETNO, MNO) VALUES(4, 172008);
INSERT INTO SUYO(DIETNO, MNO) VALUES(5, 172008);
INSERT INTO SUYO(DIETNO, MNO) VALUES(6, 172008);
INSERT INTO SUYO(DIETNO, MNO) VALUES(7, 172008);
INSERT INTO SUYO(DIETNO, MNO) VALUES(8, 172008);
INSERT INTO SUYO(DIETNO, MNO) VALUES(9, 172008);
INSERT INTO SUYO(DIETNO, MNO) VALUES(10, 172008);
INSERT INTO SUYO(DIETNO, MNO) VALUES(11, 172008);
INSERT INTO SUYO(DIETNO, MNO) VALUES(12, 172008);
INSERT INTO SUYO(DIETNO, MNO) VALUES(13, 172008);
INSERT INTO SUYO(DIETNO, MNO) VALUES(14, 172008);
INSERT INTO SUYO(DIETNO, MNO) VALUES(15, 172008);
INSERT INTO SUYO(DIETNO, MNO) VALUES(16, 172008);
INSERT INTO SUYO(DIETNO, MNO) VALUES(17, 172008);
INSERT INTO SUYO(DIETNO, MNO) VALUES(18, 172008);
INSERT INTO SUYO(DIETNO, MNO) VALUES(19, 172008);
INSERT INTO SUYO(DIETNO, MNO) VALUES(20, 172008);
INSERT INTO SUYO(DIETNO, MNO) VALUES(21, 172008);
INSERT INTO SUYO(DIETNO, MNO) VALUES(22, 172008);
INSERT INTO SUYO(DIETNO, MNO) VALUES(23, 172008);
INSERT INTO SUYO(DIETNO, MNO) VALUES(24, 172008);
INSERT INTO SUYO(DIETNO, MNO) VALUES(25, 172008);
INSERT INTO SUYO(DIETNO, MNO) VALUES(26, 172008);
INSERT INTO SUYO(DIETNO, MNO) VALUES(27, 172008);
INSERT INTO SUYO(DIETNO, MNO) VALUES(28, 172008);
INSERT INTO SUYO(DIETNO, MNO) VALUES(29, 172008);
INSERT INTO SUYO(DIETNO, MNO) VALUES(30, 172008);
INSERT INTO SUYO(DIETNO, MNO) VALUES(31, 172008);
INSERT INTO SUYO(DIETNO, MNO) VALUES(32, 172008);
INSERT INTO SUYO(DIETNO, MNO) VALUES(33, 172008);
INSERT INTO SUYO(DIETNO, MNO) VALUES(34, 172008);
INSERT INTO SUYO(DIETNO, MNO) VALUES(35, 172008);
INSERT INTO SUYO(DIETNO, MNO) VALUES(36, 172008);
INSERT INTO SUYO(DIETNO, MNO) VALUES(37, 172008);
INSERT INTO SUYO(DIETNO, MNO) VALUES(38, 172008);
INSERT INTO SUYO(DIETNO, MNO) VALUES(39, 172008);
INSERT INTO SUYO(DIETNO, MNO) VALUES(40, 172008);

--172009
INSERT INTO SUYO(DIETNO, MNO) VALUES(1, 172009);
INSERT INTO SUYO(DIETNO, MNO) VALUES(2, 172009);
INSERT INTO SUYO(DIETNO, MNO) VALUES(3, 172009);
INSERT INTO SUYO(DIETNO, MNO) VALUES(4, 172009);
INSERT INTO SUYO(DIETNO, MNO) VALUES(5, 172009);
INSERT INTO SUYO(DIETNO, MNO) VALUES(6, 172009);
INSERT INTO SUYO(DIETNO, MNO) VALUES(7, 172009);
INSERT INTO SUYO(DIETNO, MNO) VALUES(8, 172009);
INSERT INTO SUYO(DIETNO, MNO) VALUES(9, 172009);
INSERT INTO SUYO(DIETNO, MNO) VALUES(10, 172009);
INSERT INTO SUYO(DIETNO, MNO) VALUES(11, 172009);
INSERT INTO SUYO(DIETNO, MNO) VALUES(12, 172009);
INSERT INTO SUYO(DIETNO, MNO) VALUES(13, 172009);
INSERT INTO SUYO(DIETNO, MNO) VALUES(14, 172009);
INSERT INTO SUYO(DIETNO, MNO) VALUES(15, 172009);
INSERT INTO SUYO(DIETNO, MNO) VALUES(16, 172009);
INSERT INTO SUYO(DIETNO, MNO) VALUES(17, 172009);
INSERT INTO SUYO(DIETNO, MNO) VALUES(18, 172009);
INSERT INTO SUYO(DIETNO, MNO) VALUES(19, 172009);
INSERT INTO SUYO(DIETNO, MNO) VALUES(20, 172009);
INSERT INTO SUYO(DIETNO, MNO) VALUES(21, 172009);
INSERT INTO SUYO(DIETNO, MNO) VALUES(22, 172009);
INSERT INTO SUYO(DIETNO, MNO) VALUES(23, 172009);
INSERT INTO SUYO(DIETNO, MNO) VALUES(24, 172009);
INSERT INTO SUYO(DIETNO, MNO) VALUES(25, 172009);
INSERT INTO SUYO(DIETNO, MNO) VALUES(26, 172009);
INSERT INTO SUYO(DIETNO, MNO) VALUES(27, 172009);
INSERT INTO SUYO(DIETNO, MNO) VALUES(28, 172009);
INSERT INTO SUYO(DIETNO, MNO) VALUES(29, 172009);
INSERT INTO SUYO(DIETNO, MNO) VALUES(30, 172009);
INSERT INTO SUYO(DIETNO, MNO) VALUES(31, 172009);
INSERT INTO SUYO(DIETNO, MNO) VALUES(32, 172009);
INSERT INTO SUYO(DIETNO, MNO) VALUES(33, 172009);
INSERT INTO SUYO(DIETNO, MNO) VALUES(34, 172009);
INSERT INTO SUYO(DIETNO, MNO) VALUES(35, 172009);
INSERT INTO SUYO(DIETNO, MNO) VALUES(36, 172009);
INSERT INTO SUYO(DIETNO, MNO) VALUES(37, 172009);
INSERT INTO SUYO(DIETNO, MNO) VALUES(38, 172009);
INSERT INTO SUYO(DIETNO, MNO) VALUES(39, 172009);
INSERT INTO SUYO(DIETNO, MNO) VALUES(40, 172009);

--172010
INSERT INTO SUYO(DIETNO, MNO) VALUES(1, 172010);
INSERT INTO SUYO(DIETNO, MNO) VALUES(2, 172010);
INSERT INTO SUYO(DIETNO, MNO) VALUES(3, 172010);
INSERT INTO SUYO(DIETNO, MNO) VALUES(4, 172010);
INSERT INTO SUYO(DIETNO, MNO) VALUES(5, 172010);
INSERT INTO SUYO(DIETNO, MNO) VALUES(6, 172010);
INSERT INTO SUYO(DIETNO, MNO) VALUES(7, 172010);
INSERT INTO SUYO(DIETNO, MNO) VALUES(8, 172010);
INSERT INTO SUYO(DIETNO, MNO) VALUES(9, 172010);
INSERT INTO SUYO(DIETNO, MNO) VALUES(10, 172010);
INSERT INTO SUYO(DIETNO, MNO) VALUES(11, 172010);
INSERT INTO SUYO(DIETNO, MNO) VALUES(12, 172010);
INSERT INTO SUYO(DIETNO, MNO) VALUES(13, 172010);
INSERT INTO SUYO(DIETNO, MNO) VALUES(14, 172010);
INSERT INTO SUYO(DIETNO, MNO) VALUES(15, 172010);
INSERT INTO SUYO(DIETNO, MNO) VALUES(16, 172010);
INSERT INTO SUYO(DIETNO, MNO) VALUES(17, 172010);
INSERT INTO SUYO(DIETNO, MNO) VALUES(18, 172010);
INSERT INTO SUYO(DIETNO, MNO) VALUES(19, 172010);
INSERT INTO SUYO(DIETNO, MNO) VALUES(20, 172010);
INSERT INTO SUYO(DIETNO, MNO) VALUES(21, 172010);
INSERT INTO SUYO(DIETNO, MNO) VALUES(22, 172010);
INSERT INTO SUYO(DIETNO, MNO) VALUES(23, 172010);
INSERT INTO SUYO(DIETNO, MNO) VALUES(24, 172010);
INSERT INTO SUYO(DIETNO, MNO) VALUES(25, 172010);
INSERT INTO SUYO(DIETNO, MNO) VALUES(26, 172010);
INSERT INTO SUYO(DIETNO, MNO) VALUES(27, 172010);
INSERT INTO SUYO(DIETNO, MNO) VALUES(28, 172010);
INSERT INTO SUYO(DIETNO, MNO) VALUES(29, 172010);
INSERT INTO SUYO(DIETNO, MNO) VALUES(30, 172010);
INSERT INTO SUYO(DIETNO, MNO) VALUES(31, 172010);
INSERT INTO SUYO(DIETNO, MNO) VALUES(32, 172010);
INSERT INTO SUYO(DIETNO, MNO) VALUES(33, 172010);
INSERT INTO SUYO(DIETNO, MNO) VALUES(34, 172010);
INSERT INTO SUYO(DIETNO, MNO) VALUES(35, 172010);
INSERT INTO SUYO(DIETNO, MNO) VALUES(36, 172010);
INSERT INTO SUYO(DIETNO, MNO) VALUES(37, 172010);
INSERT INTO SUYO(DIETNO, MNO) VALUES(38, 172010);
INSERT INTO SUYO(DIETNO, MNO) VALUES(39, 172010);
INSERT INTO SUYO(DIETNO, MNO) VALUES(40, 172010);

--Counter Data Input!--
INSERT INTO  COUNTER(cdate)
VALUES (TO_CHAR(SYSDATE-7, 'yyyy-mm-dd'));
INSERT INTO  COUNTER(cdate)
VALUES (TO_CHAR(SYSDATE-6, 'yyyy-mm-dd'));
INSERT INTO  COUNTER(cdate)
VALUES (TO_CHAR(SYSDATE-5, 'yyyy-mm-dd'));
INSERT INTO  COUNTER(cdate)
VALUES (TO_CHAR(SYSDATE-4, 'yyyy-mm-dd'));
INSERT INTO  COUNTER(cdate)
VALUES (TO_CHAR(SYSDATE-3, 'yyyy-mm-dd'));
INSERT INTO  COUNTER(cdate)
VALUES (TO_CHAR(SYSDATE-2, 'yyyy-mm-dd'));
INSERT INTO  COUNTER(cdate)
VALUES (TO_CHAR(SYSDATE-1, 'yyyy-mm-dd'));
INSERT INTO  COUNTER(cdate)
VALUES (TO_CHAR(SYSDATE, 'yyyy-mm-dd'));
INSERT INTO  COUNTER(cdate)
VALUES (TO_CHAR(SYSDATE+1, 'yyyy-mm-dd'));
INSERT INTO  COUNTER(cdate)
VALUES (TO_CHAR(SYSDATE+2, 'yyyy-mm-dd'));
INSERT INTO  COUNTER(cdate)
VALUES (TO_CHAR(SYSDATE+3, 'yyyy-mm-dd'));
INSERT INTO  COUNTER(cdate)
VALUES (TO_CHAR(SYSDATE+4, 'yyyy-mm-dd'));
INSERT INTO  COUNTER(cdate)
VALUES (TO_CHAR(SYSDATE+5, 'yyyy-mm-dd'));
INSERT INTO  COUNTER(cdate)
VALUES (TO_CHAR(SYSDATE+6, 'yyyy-mm-dd'));
INSERT INTO  COUNTER(cdate)
VALUES (TO_CHAR(SYSDATE+7, 'yyyy-mm-dd'));

COMMIT;

SELECT * FROM COUNTER;
--비상용 테이블 정리--
DELETE FROM REVIEWBOARD;
DELETE FROM ANOBOARD;
DELETE FROM COUNTER;
DELETE FROM EVENT;
DELETE FROM NOTICEBOARD;
DELETE FROM RANKINGBOARD;
DELETE FROM SUYO;
DELETE FROM DIET;
DELETE FROM MEMBER;
DELETE FROM SCHEDULE;
